Datensatz_ID;Kauf_Datum;Kunden_Nr;Buch_ID;Kauf_Typ
9;12.01.2023;23393;179;spontan
9;25.01.2023;23208;170;spontan
9;05.01.2023;23386;195;spontan
9;26.01.2023;23370;223;spontan
9;12.01.2023;23391;137;spontan
9;20.01.2023;23579;273;spontan
9;31.01.2023;23311;140;spontan
9;04.01.2023;23562;131;spontan
9;02.01.2023;23355;192;spontan
9;05.01.2023;23346;221;spontan
9;14.01.2023;23265;170;spontan
9;05.01.2023;23207;248;spontan
9;16.01.2023;23369;221;spontan
9;07.01.2023;23333;216;spontan
9;11.01.2023;23268;246;spontan
9;05.01.2023;23215;171;spontan
9;02.01.2023;23334;104;spontan
9;11.01.2023;23368;223;spontan
9;19.01.2023;23341;228;spontan
9;28.01.2023;23374;217;spontan
9;05.01.2023;23422;254;vorbestellt
9;12.01.2023;23343;217;spontan
9;25.01.2023;23347;215;spontan
9;09.01.2023;23410;252;vorbestellt
9;14.01.2023;23327;177;spontan
9;30.01.2023;23351;233;spontan
9;23.01.2023;23345;229;spontan
9;13.01.2023;23427;115;vorbestellt
9;19.01.2023;23311;139;spontan
9;30.01.2023;23348;138;spontan
9;23.01.2023;23339;217;spontan
9;24.01.2023;23367;223;spontan
9;17.01.2023;23357;222;spontan
9;03.01.2023;23595;274;spontan
9;09.01.2023;23230;227;spontan
9;04.01.2023;23349;180;spontan
9;07.01.2023;23320;103;spontan
9;04.01.2023;23513;251;spontan
9;16.01.2023;23462;112;vorbestellt
9;13.01.2023;23331;134;spontan
9;27.01.2023;23373;121;spontan
9;26.01.2023;23328;197;spontan
9;24.01.2023;23576;186;spontan
9;27.01.2023;23348;211;spontan
9;21.01.2023;23361;197;spontan
9;05.01.2023;23325;103;spontan
9;28.01.2023;23358;210;spontan
9;31.1.1023 00:00:00;23372;195;spontan
9;09.01.2023;23348;234;spontan
9;25.01.2023;23399;175;spontan
9;04.01.2023;23388;174;spontan
9;21.01.2023;23356;176;spontan
9;31.01.2023;23368;214;spontan
9;21.01.2023;23399;222;spontan
9;31.01.2023;23392;176;spontan
9;25.01.2023;23385;216;spontan
9;24.01.2023;23379;102;spontan
9;18.01.2023;23385;249;spontan
9;14.01.2023;23593;188;spontan
9;25.01.2023;23329;179;spontan
9;10.01.2023;23304;120;spontan
9;16.01.2023;23373;218;spontan
9;30.01.2023;23358;100;spontan
9;04.01.2023;23590;251;spontan
9;21.01.2023;23289;248;spontan
9;07.01.2023;23388;232;spontan
9;05.01.2023;23348;136;spontan
9;24.01.2023;23252;171;spontan
9;30.01.2023;23252;145;spontan
9;21.01.2023;23311;230;spontan
9;10.01.2023;23371;134;spontan
9;21.01.2023;23331;230;spontan
9;18.01.2023;23428;161;vorbestellt
9;26.01.2023;23333;223;spontan
9;25.01.2023;23330;222;spontan
9;12.01.2023;23330;178;spontan
9;25.01.2023;23324;234;spontan
9;20.01.2023;23301;121;spontan
9;24.01.2023;23374;102;spontan
9;12.01.2023;23380;230;spontan
9;10.01.2023;23567;278;spontan
9;31.01.2023;23372;228;spontan
9;11.01.2023;23245;170;spontan
9;20.01.2023;23297;145;spontan
9;20.01.2023;23455;114;vorbestellt
9;28.01.2023;23358;121;spontan
9;11.01.2023;23333;229;spontan
9;10.01.2023;23330;229;spontan
9;25.01.2023;23305;180;spontan
9;12.01.2023;23380;192;spontan
9;25.01.2023;23321;136;spontan
9;26.01.2023;23310;198;spontan
9;21.01.2023;23506;270;spontan
9;12.01.2023;23319;192;spontan
9;10.01.2023;23240;170;spontan
9;27.01.2023;23301;195;spontan
9;17.01.2023;23465;110;vorbestellt
9;28.01.2023;23360;134;spontan
9;19.01.2023;23313;233;spontan
9;16.01.2023;23451;115;vorbestellt
9;11.02.2023;23362;139;spontan
9;02.02.2023;23349;197;spontan
9;02.02.2023;23312;139;spontan
9;22.02.2023;23339;212;spontan
9;25.02.2023;23295;185;spontan
9;23.02.2023;23337;138;spontan
9;10.02.2023;23201;220;spontan
9;10.02.2023;23328;134;spontan
9;13.02.2023;23234;227;spontan
9;10.02.2023;23335;212;spontan
9;15.02.2023;23391;197;spontan
9;25.02.2023;23313;136;spontan
9;24.02.2023;23368;102;spontan
9;18.02.2023;23362;228;spontan
9;27.02.2023;23388;213;spontan
9;15.02.2023;23373;177;spontan
9;22.02.2023;23357;103;spontan
9;24.02.2023;23393;260;spontan
9;16.02.2023;23243;220;spontan
9;11.02.2023;23319;176;spontan
9;10.02.2023;23381;216;spontan
9;01.02.2023;23312;175;spontan
9;14.02.2023;23203;194;spontan
9;07.02.2023;23544;226;spontan
9;16.02.2023;23592;190;spontan
9;10.02.2023;23260;145;spontan
9;13.02.2023;23361;102;spontan
9;20.02.2023;23375;192;spontan
9;22.02.2023;23359;223;spontan
9;27.02.2023;23388;228;spontan
9;09.02.2023;23302;103;spontan
9;01.02.2023;23323;140;spontan
9;07.02.2023;23324;102;spontan
9;01.02.2023;23401;107;vorbestellt
9;20.02.2023;23460;113;vorbestellt
9;11.02.2023;23428;108;vorbestellt
9;18.02.2023;23349;211;spontan
9;17.02.2023;23315;250;spontan
9;04.02.2023;23363;231;spontan
9;18.02.2023;23317;231;spontan
9;14.02.2023;23265;227;spontan
9;03.02.2023;23303;234;spontan
9;01.02.2023;23484;107;vorbestellt
9;14.02.2023;23347;218;spontan
9;22.02.2023;23324;134;spontan
9;15.02.2023;23345;223;spontan
9;21.02.2023;23591;247;spontan
9;04.02.2023;23359;104;spontan
9;07.02.2023;23449;128;vorbestellt
9;07.02.2023;23581;270;spontan
9;13.02.2023;23598;190;spontan
9;28.02.2023;23327;179;spontan
9;06.02.2023;23382;198;spontan
9;10.02.2023;23455;133;vorbestellt
9;08.02.2023;23315;176;spontan
9;23.02.2023;23407;133;vorbestellt
9;20.02.2023;23337;100;spontan
9;08.02.2023;23373;260;spontan
9;06.02.2023;23395;120;spontan
9;11.02.2023;23388;179;spontan
9;08.02.2023;23447;259;vorbestellt
9;03.02.2023;23345;100;spontan
9;04.02.2023;23389;174;spontan
9;04.02.2023;23342;221;spontan
9;08.02.2023;23315;197;spontan
9;08.02.2023;23442;224;vorbestellt
9;22.02.2023;23391;104;spontan
9;10.02.2023;23474;133;vorbestellt
9;14.02.2023;23365;221;spontan
9;27.02.2023;23442;111;vorbestellt
9;25.02.2023;23393;249;spontan
9;27.02.2023;23372;213;spontan
9;18.02.2023;23393;221;spontan
9;17.02.2023;23379;260;spontan
9;27.02.2023;23229;142;spontan
9;22.02.2023;23356;217;spontan
9;21.02.2023;23311;175;spontan
9;11.02.2023;23396;195;spontan
9;14.02.2023;23330;217;spontan
9;07.02.2023;23430;114;vorbestellt
9;22.02.2023;23306;120;spontan
9;23.02.2023;23395;140;spontan
9;20.02.2023;23274;220;spontan
9;21.02.2023;23329;219;spontan
9;01.02.2023;23383;193;spontan
9;03.02.2023;23385;228;spontan
9;28.02.2023;23331;134;spontan
9;08.02.2023;23273;246;spontan
9;23.02.2023;23216;220;spontan
9;22.02.2023;23331;138;spontan
9;08.02.2023;23419;111;vorbestellt
9;21.02.2023;23313;136;spontan
9;20.02.2023;23303;218;spontan
9;03.02.2023;23408;105;vorbestellt
9;22.02.2023;23449;161;vorbestellt
9;17.02.2023;23483;112;vorbestellt
9;06.02.2023;23308;174;spontan
9;17.02.2023;23249;246;spontan
9;06.02.2023;23380;197;spontan
9;10.02.2023;23252;170;spontan
9;08.03.2023;23419;254;vorbestellt
9;18.03.2023;23393;136;spontan
9;14.03.2023;23364;222;spontan
9;31.03.2023;23368;104;spontan
9;21.03.2023;23492;110;vorbestellt
9;18.03.2023;23538;258;spontan
9;04.03.2023;23300;230;spontan
9;17.03.2023;23516;181;spontan
9;17.03.2023;23305;101;spontan
9;30.03.2023;23390;214;spontan
9;29.03.2023;23580;181;spontan
9;16.03.2023;23361;209;spontan
9;02.03.2023;23304;175;spontan
9;10.03.2023;23312;229;spontan
9;04.03.2023;23344;137;spontan
9;14.03.2023;23501;261;spontan
9;20.03.2023;23458;107;vorbestellt
9;01.03.2023;23376;193;spontan
9;09.03.2023;23526;129;spontan
9;11.03.2023;23318;228;spontan
9;20.03.2023;23305;229;spontan
9;22.03.2023;23310;179;spontan
9;15.03.2023;23206;144;spontan
9;13.03.2023;23226;227;spontan
9;25.03.2023;23302;218;spontan
9;22.03.2023;23451;113;vorbestellt
9;30.03.2023;23357;101;spontan
9;04.03.2023;23322;228;spontan
9;25.03.2023;23379;210;spontan
9;23.03.2023;23295;145;spontan
9;18.03.2023;23301;250;spontan
9;04.03.2023;23336;137;spontan
9;20.03.2023;23285;194;spontan
9;07.03.2023;23343;211;spontan
9;15.03.2023;23352;249;spontan
9;18.03.2023;23381;198;spontan
9;08.03.2023;23338;139;spontan
9;25.03.2023;23355;193;spontan
9;08.03.2023;23472;108;vorbestellt
9;17.03.2023;23301;197;spontan
9;29.03.2023;23279;171;spontan
9;01.03.2023;23201;141;spontan
9;24.03.2023;23315;120;spontan
9;23.03.2023;23326;101;spontan
9;28.03.2023;23317;219;spontan
9;17.03.2023;23306;229;spontan
9;15.03.2023;23385;177;spontan
9;24.03.2023;23317;211;spontan
9;23.03.2023;23283;119;spontan
9;27.03.2023;23303;103;spontan
9;30.03.2023;23376;100;spontan
9;28.03.2023;23317;135;spontan
9;30.03.2023;23277;144;spontan
9;22.03.2023;23584;181;spontan
9;15.03.2023;23332;215;spontan
9;07.03.2023;23302;102;spontan
9;11.03.2023;23320;218;spontan
9;21.03.2023;23549;275;spontan
9;13.03.2023;23389;260;spontan
9;16.03.2023;23333;216;spontan
9;25.03.2023;23303;228;spontan
9;14.03.2023;23355;229;spontan
9;24.03.2023;23430;112;vorbestellt
9;16.03.2023;23302;120;spontan
9;13.03.2023;23338;249;spontan
9;20.03.2023;23366;230;spontan
9;23.03.2023;23332;138;spontan
9;14.03.2023;23384;102;spontan
9;06.03.2023;23206;185;spontan
9;02.03.2023;23506;188;spontan
9;03.03.2023;23520;130;spontan
9;17.03.2023;23387;230;spontan
9;20.03.2023;23209;185;spontan
9;09.03.2023;23305;191;spontan
9;25.03.2023;23311;179;spontan
9;21.03.2023;23402;106;vorbestellt
9;01.03.2023;23321;140;spontan
9;06.03.2023;23352;223;spontan
9;15.03.2023;23370;217;spontan
9;17.03.2023;23452;110;vorbestellt
9;03.03.2023;23333;102;spontan
9;10.03.2023;23342;235;spontan
9;24.03.2023;23355;136;spontan
9;16.03.2023;23544;130;spontan
9;15.03.2023;23509;271;spontan
9;18.03.2023;23530;273;spontan
9;03.03.2023;23371;137;spontan
9;27.03.2023;23516;190;spontan
9;04.03.2023;23332;195;spontan
9;21.03.2023;23578;131;spontan
9;30.03.2023;23418;110;vorbestellt
9;14.03.2023;23492;201;vorbestellt
9;31.03.2023;23355;210;spontan
9;14.03.2023;23305;180;spontan
9;15.03.2023;23341;212;spontan
9;04.03.2023;23325;229;spontan
9;09.03.2023;23353;195;spontan
9;18.03.2023;23339;234;spontan
9;31.03.2023;23579;271;spontan
9;09.03.2023;23554;181;spontan
9;07.04.2023;23270;220;spontan
9;01.04.2023;23565;276;spontan
9;13.04.2023;23520;130;spontan
9;08.04.2023;23249;227;spontan
9;13.04.2023;23271;170;spontan
9;17.04.2023;23577;251;spontan
9;24.04.2023;23243;169;spontan
9;03.04.2023;23262;144;spontan
9;06.04.2023;23290;194;spontan
9;29.04.2023;23225;170;spontan
9;25.04.2023;23276;246;spontan
9;15.04.2023;23281;194;spontan
9;15.04.2023;23482;256;vorbestellt
9;06.04.2023;23267;145;spontan
9;13.04.2023;23239;145;spontan
9;01.04.2023;23575;276;spontan
9;29.04.2023;23574;277;spontan
9;04.04.2023;23321;101;spontan
9;01.04.2023;23200;142;spontan
9;04.04.2023;23543;129;spontan
9;26.04.2023;23211;220;spontan
9;18.04.2023;23211;262;spontan
9;08.04.2023;23221;248;spontan
9;21.04.2023;23273;220;spontan
9;03.04.2023;23210;119;spontan
9;17.04.2023;23220;141;spontan
9;15.04.2023;23209;144;spontan
9;25.04.2023;23280;246;spontan
9;3.4.1023 00:00:00;23405;255;vorbestellt
9;25.04.2023;23236;119;spontan
9;29.04.2023;23268;220;spontan
9;27.04.2023;23265;220;spontan
9;05.04.2023;23206;119;spontan
9;17.04.2023;23308;175;spontan
9;27.04.2023;23246;262;spontan
9;17.04.2023;23260;142;spontan
9;29.04.2023;23238;194;spontan
9;15.04.2023;23591;129;spontan
9;14.04.2023;23285;220;spontan
9;20.04.2023;23283;143;spontan
9;05.04.2023;23599;190;spontan
9;22.04.2023;23299;119;spontan
9;12.04.2023;23376;139;spontan
9;12.04.2023;23280;145;spontan
9;19.04.2023;23507;251;spontan
9;07.04.2023;23254;142;spontan
9;21.04.2023;23202;246;spontan
9;06.04.2023;23584;251;spontan
9;07.04.2023;23349;221;spontan
9;01.04.2023;23334;250;spontan
9;03.04.2023;23292;185;spontan
9;22.04.2023;23359;249;spontan
9;07.04.2023;23235;145;spontan
9;01.04.2023;23225;144;spontan
9;06.04.2023;23372;196;spontan
9;03.04.2023;23251;171;spontan
9;25.04.2023;23242;171;spontan
9;13.04.2023;23274;145;spontan
9;15.04.2023;23210;142;spontan
9;11.04.2023;23341;140;spontan
9;15.04.2023;23370;174;spontan
9;04.04.2023;23231;170;spontan
9;15.04.2023;23474;107;vorbestellt
9;03.04.2023;23592;131;spontan
9;20.04.2023;23488;224;vorbestellt
9;08.04.2023;23508;226;spontan
9;13.04.2023;23273;119;spontan
9;29.04.2023;23298;119;spontan
9;05.04.2023;23286;262;spontan
9;27.04.2023;23323;232;spontan
9;15.04.2023;23213;248;spontan
9;06.04.2023;23238;194;spontan
9;20.04.2023;23223;262;spontan
9;06.04.2023;23251;227;spontan
9;24.04.2023;23247;262;spontan
9;27.04.2023;23223;262;spontan
9;07.04.2023;23280;194;spontan
9;05.04.2023;23277;141;spontan
9;12.04.2023;23219;194;spontan
9;22.04.2023;23447;133;vorbestellt
9;28.04.2023;23208;246;spontan
9;01.04.2023;23241;248;spontan
9;27.04.2023;23523;261;spontan
9;14.04.2023;23437;254;vorbestellt
9;04.04.2023;23276;248;spontan
9;26.04.2023;23594;257;spontan
9;12.04.2023;23245;227;spontan
9;07.04.2023;23202;194;spontan
9;29.04.2023;23227;143;spontan
9;26.04.2023;23242;119;spontan
9;08.04.2023;23319;233;spontan
9;11.04.2023;23284;142;spontan
9;08.04.2023;23222;194;spontan
9;05.04.2023;23201;169;spontan
9;07.04.2023;23272;248;spontan
9;15.04.2023;23310;233;spontan
9;17.04.2023;23292;143;spontan
9;01.04.2023;23242;246;spontan
9;18.04.2023;23276;119;spontan
9;13.04.2023;23435;254;vorbestellt
9;19.04.2023;23290;144;spontan
9;18.04.2023;23248;194;spontan
9;24.04.2023;23202;227;spontan
9;14.04.2023;23403;115;vorbestellt
9;13.04.2023;23238;144;spontan
9;04.04.2023;23255;141;spontan
9;26.04.2023;23262;171;spontan
9;26.04.2023;23485;113;vorbestellt
9;05.04.2023;23279;143;spontan
9;24.04.2023;23212;248;spontan
9;04.04.2023;23366;212;spontan
9;14.04.2023;23239;262;spontan
9;26.04.2023;23526;278;spontan
9;28.04.2023;23520;271;spontan
9;12.04.2023;23268;262;spontan
9;01.04.2023;23253;119;spontan
9;05.04.2023;23212;144;spontan
9;24.04.2023;23393;221;spontan
9;20.04.2023;23418;199;vorbestellt
9;29.04.2023;23200;142;spontan
9;12.04.2023;23240;169;spontan
9;19.04.2023;23200;194;spontan
9;18.04.2023;23510;226;spontan
9;20.04.2023;23284;248;spontan
9;07.04.2023;23236;170;spontan
9;22.04.2023;23519;130;spontan
9;28.04.2023;23236;171;spontan
9;27.04.2023;23294;246;spontan
9;15.04.2023;23293;171;spontan
9;17.04.2023;23285;262;spontan
9;07.04.2023;23331;215;spontan
9;18.04.2023;23249;227;spontan
9;05.04.2023;23225;142;spontan
9;05.04.2023;23240;143;spontan
9;28.04.2023;23226;141;spontan
9;05.04.2023;23253;170;spontan
9;07.04.2023;23318;228;spontan
9;06.04.2023;23286;262;spontan
9;12.04.2023;23298;119;spontan
9;29.04.2023;23241;171;spontan
9;01.04.2023;23277;220;spontan
9;24.04.2023;23533;226;spontan
9;22.04.2023;23517;188;spontan
9;01.04.2023;23534;190;spontan
9;25.04.2023;23278;248;spontan
9;14.04.2023;23245;143;spontan
9;05.04.2023;23501;188;spontan
9;07.04.2023;23582;270;spontan
9;05.04.2023;23415;151;vorbestellt
9;17.04.2023;23498;115;vorbestellt
9;21.04.2023;23263;220;spontan
9;03.04.2023;23420;114;vorbestellt
9;19.04.2023;23256;227;spontan
9;14.04.2023;23223;169;spontan
9;05.04.2023;23359;195;spontan
9;01.04.2023;23216;143;spontan
9;01.04.2023;23487;106;vorbestellt
9;19.04.2023;23261;169;spontan
9;14.04.2023;23243;227;spontan
9;03.04.2023;23219;194;spontan
9;11.04.2023;23465;114;vorbestellt
9;17.04.2023;23310;215;spontan
9;04.04.2023;23212;194;spontan
9;07.04.2023;23212;142;spontan
9;17.04.2023;23266;169;spontan
9;17.04.2023;23275;143;spontan
9;25.04.2023;23261;170;spontan
9;03.04.2023;23262;144;spontan
9;26.04.2023;23239;171;spontan
9;06.04.2023;23420;110;vorbestellt
9;29.04.2023;23328;235;spontan
9;01.04.2023;23567;275;spontan
9;21.04.2023;23250;142;spontan
9;28.04.2023;23315;139;spontan
9;29.04.2023;23248;185;spontan
9;08.04.2023;23208;185;spontan
9;14.04.2023;23439;112;vorbestellt
9;12.04.2023;23290;262;spontan
9;01.04.2023;23299;171;spontan
9;25.04.2023;23299;141;spontan
9;25.04.2023;23262;144;spontan
9;26.04.2023;23382;215;spontan
9;11.04.2023;23256;227;spontan
9;07.04.2023;23238;119;spontan
9;17.04.2023;23250;143;spontan
9;04.04.2023;23285;169;spontan
9;24.04.2023;23540;271;spontan
9;06.04.2023;23254;119;spontan
9;15.04.2023;23351;216;spontan
9;15.04.2023;23303;234;spontan
9;13.04.2023;23566;251;spontan
9;24.04.2023;23260;143;spontan
9;22.04.2023;23584;276;spontan
9;22.04.2023;23294;185;spontan
9;27.04.2023;23295;169;spontan
9;05.04.2023;23202;171;spontan
9;15.04.2023;23288;227;spontan
9;11.04.2023;23228;170;spontan
9;04.04.2023;23282;185;spontan
9;27.04.2023;23207;119;spontan
9;01.04.2023;23275;141;spontan
9;27.04.2023;23230;248;spontan
9;15.04.2023;23329;193;spontan
9;24.04.2023;23237;144;spontan
9;27.04.2023;23273;142;spontan
9;01.04.2023;23234;171;spontan
9;19.04.2023;23232;144;spontan
9;27.04.2023;23235;145;spontan
9;18.04.2023;23584;186;spontan
9;13.04.2023;23231;248;spontan
9;22.04.2023;23235;142;spontan
9;15.04.2023;23279;170;spontan
9;29.04.2023;23228;169;spontan
9;18.04.2023;23222;248;spontan
9;07.04.2023;23273;185;spontan
9;07.04.2023;23228;142;spontan
9;26.04.2023;23297;169;spontan
9;11.04.2023;23562;226;spontan
9;05.04.2023;23229;248;spontan
9;28.04.2023;23274;248;spontan
9;11.04.2023;23201;185;spontan
9;06.04.2023;23418;115;vorbestellt
9;19.04.2023;23281;170;spontan
9;24.04.2023;23293;141;spontan
9;15.04.2023;23224;119;spontan
9;29.04.2023;23411;114;vorbestellt
9;14.04.2023;23553;247;spontan
9;01.04.2023;23391;225;spontan
9;24.04.2023;23266;142;spontan
9;11.04.2023;23273;185;spontan
9;19.04.2023;23263;171;spontan
9;15.04.2023;23461;107;vorbestellt
9;14.04.2023;23301;103;spontan
9;03.04.2023;23492;112;vorbestellt
9;20.04.2023;23274;227;spontan
9;27.04.2023;23226;171;spontan
9;11.04.2023;23220;169;spontan
9;22.04.2023;23264;119;spontan
9;12.04.2023;23247;246;spontan
9;20.04.2023;23291;145;spontan
9;28.04.2023;23288;141;spontan
9;08.04.2023;23443;224;vorbestellt
9;01.04.2023;23284;142;spontan
9;01.04.2023;23297;119;spontan
9;11.04.2023;23587;186;spontan
9;12.04.2023;23291;262;spontan
9;06.04.2023;23287;248;spontan
9;25.04.2023;23266;246;spontan
9;11.04.2023;23271;248;spontan
9;25.04.2023;23429;110;vorbestellt
9;01.04.2023;23200;227;spontan
9;28.04.2023;23251;248;spontan
9;11.04.2023;23214;220;spontan
9;13.04.2023;23282;248;spontan
9;25.04.2023;23363;121;spontan
9;24.04.2023;23291;141;spontan
9;12.04.2023;23261;141;spontan
9;29.04.2023;23237;143;spontan
9;14.04.2023;23263;220;spontan
9;20.04.2023;23457;200;vorbestellt
9;04.04.2023;23575;181;spontan
9;11.04.2023;23586;251;spontan
9;01.04.2023;23380;219;spontan
9;15.04.2023;23200;262;spontan
9;28.04.2023;23292;220;spontan
9;13.04.2023;23581;261;spontan
9;07.04.2023;23240;220;spontan
9;07.04.2023;23409;107;vorbestellt
9;24.04.2023;23268;220;spontan
9;26.04.2023;23281;144;spontan
9;28.04.2023;23266;169;spontan
9;11.04.2023;23251;145;spontan
9;08.04.2023;23226;194;spontan
9;25.04.2023;23201;144;spontan
9;20.04.2023;23223;141;spontan
9;05.04.2023;23228;143;spontan
9;19.04.2023;23215;194;spontan
9;29.04.2023;23266;194;spontan
9;29.04.2023;23275;119;spontan
9;22.04.2023;23325;212;spontan
9;22.04.2023;23248;227;spontan
9;13.04.2023;23559;274;spontan
9;07.04.2023;23229;144;spontan
9;01.04.2023;23559;190;spontan
9;05.04.2023;23464;224;vorbestellt
9;27.04.2023;23270;246;spontan
9;24.04.2023;23287;246;spontan
9;17.04.2023;23231;262;spontan
9;04.04.2023;23269;144;spontan
9;15.04.2023;23545;190;spontan
9;20.04.2023;23299;246;spontan
9;22.04.2023;23272;262;spontan
9;08.04.2023;23290;169;spontan
9;03.04.2023;23342;234;spontan
9;04.04.2023;23207;142;spontan
9;22.04.2023;23200;185;spontan
9;07.04.2023;23324;138;spontan
9;20.04.2023;23573;188;spontan
9;28.04.2023;23201;262;spontan
9;15.04.2023;23262;145;spontan
9;28.04.2023;23289;262;spontan
9;05.04.2023;23359;135;spontan
9;06.04.2023;23264;170;spontan
9;19.04.2023;23289;141;spontan
9;11.04.2023;23274;246;spontan
9;22.04.2023;23579;130;spontan
9;13.04.2023;23225;246;spontan
9;20.04.2023;23447;150;vorbestellt
9;18.04.2023;23286;169;spontan
9;07.04.2023;23222;220;spontan
9;11.04.2023;23211;142;spontan
9;21.04.2023;23383;174;spontan
9;25.04.2023;23204;194;spontan
9;25.04.2023;23430;133;vorbestellt
9;14.04.2023;23290;227;spontan
9;27.04.2023;23275;262;spontan
9;20.04.2023;23327;210;spontan
9;14.04.2023;23257;141;spontan
9;06.04.2023;23228;227;spontan
9;25.04.2023;23286;119;spontan
9;13.04.2023;23224;246;spontan
9;07.04.2023;23212;246;spontan
9;25.04.2023;23237;194;spontan
9;03.04.2023;23213;169;spontan
9;29.04.2023;23486;253;vorbestellt
9;07.04.2023;23215;119;spontan
9;20.04.2023;23220;169;spontan
9;27.04.2023;23234;227;spontan
9;01.04.2023;23271;246;spontan
9;19.04.2023;23241;143;spontan
9;18.04.2023;23531;190;spontan
9;13.04.2023;23258;170;spontan
9;20.04.2023;23561;272;spontan
9;12.04.2023;23273;185;spontan
9;24.04.2023;23216;220;spontan
9;11.04.2023;23281;169;spontan
9;26.04.2023;23205;169;spontan
9;24.04.2023;23354;177;spontan
9;28.04.2023;23467;105;vorbestellt
9;08.04.2023;23329;232;spontan
9;29.04.2023;23575;129;spontan
9;25.04.2023;23232;246;spontan
9;29.04.2023;23270;170;spontan
9;17.04.2023;23212;248;spontan
9;11.04.2023;23312;103;spontan
9;24.04.2023;23215;171;spontan
9;13.04.2023;23259;170;spontan
9;11.04.2023;23272;119;spontan
9;17.04.2023;23276;227;spontan
9;22.04.2023;23318;136;spontan
9;27.04.2023;23261;262;spontan
9;12.04.2023;23233;171;spontan
9;04.04.2023;23201;185;spontan
9;29.04.2023;23213;145;spontan
9;21.04.2023;23450;255;vorbestellt
9;13.04.2023;23555;258;spontan
9;01.04.2023;23238;144;spontan
9;20.04.2023;23481;105;vorbestellt
9;12.04.2023;23294;143;spontan
9;24.04.2023;23377;137;spontan
9;05.04.2023;23209;262;spontan
9;01.04.2023;23561;277;spontan
9;26.04.2023;23307;213;spontan
9;24.04.2023;23274;169;spontan
9;20.04.2023;23457;254;vorbestellt
9;07.04.2023;23299;227;spontan
9;15.04.2023;23398;101;spontan
9;05.04.2023;23202;248;spontan
9;19.04.2023;23296;246;spontan
9;20.04.2023;23299;262;spontan
9;04.04.2023;23222;220;spontan
9;22.04.2023;23249;171;spontan
9;19.04.2023;23258;119;spontan
9;15.04.2023;23273;246;spontan
9;21.04.2023;23227;145;spontan
9;27.04.2023;23589;181;spontan
9;29.04.2023;23247;145;spontan
9;03.04.2023;23289;143;spontan
9;27.04.2023;23210;220;spontan
9;01.04.2023;23225;227;spontan
9;17.04.2023;23288;144;spontan
9;18.04.2023;23227;169;spontan
9;18.04.2023;23461;151;vorbestellt
9;27.04.2023;23246;185;spontan
9;27.04.2023;23574;189;spontan
9;15.04.2023;23222;119;spontan
9;03.04.2023;23215;145;spontan
9;15.04.2023;23472;114;vorbestellt
9;05.04.2023;23320;103;spontan
9;01.04.2023;23315;196;spontan
9;29.04.2023;23204;170;spontan
9;04.04.2023;23506;277;spontan
9;08.04.2023;23312;192;spontan
9;19.04.2023;23209;171;spontan
9;17.04.2023;23203;170;spontan
9;08.04.2023;23385;230;spontan
9;19.04.2023;23253;141;spontan
9;15.04.2023;23212;185;spontan
9;03.04.2023;23484;112;vorbestellt
9;26.04.2023;23226;119;spontan
9;12.04.2023;23420;107;vorbestellt
9;06.04.2023;23290;171;spontan
9;18.04.2023;23265;169;spontan
9;25.04.2023;23283;119;spontan
9;06.04.2023;23209;119;spontan
9;29.04.2023;23218;171;spontan
9;06.04.2023;23258;169;spontan
9;20.04.2023;23288;142;spontan
9;18.04.2023;23286;185;spontan
9;13.04.2023;23229;170;spontan
9;21.04.2023;23219;171;spontan
9;24.04.2023;23211;171;spontan
9;13.04.2023;23537;258;spontan
9;21.04.2023;23261;262;spontan
9;29.04.2023;23203;246;spontan
9;07.04.2023;23300;215;spontan
9;17.04.2023;23519;271;spontan
9;15.04.2023;23214;145;spontan
9;19.04.2023;23206;119;spontan
9;01.04.2023;23440;201;vorbestellt
9;04.04.2023;23209;185;spontan
9;04.04.2023;23291;145;spontan
9;08.04.2023;23224;227;spontan
9;20.04.2023;23595;226;spontan
9;07.04.2023;23255;262;spontan
9;04.04.2023;23558;226;spontan
9;12.04.2023;23494;128;vorbestellt
9;22.04.2023;23264;194;spontan
9;12.04.2023;23224;142;spontan
9;27.04.2023;23285;248;spontan
9;08.04.2023;23250;144;spontan
9;07.04.2023;23429;255;vorbestellt
9;25.04.2023;23354;177;spontan
9;04.04.2023;23202;169;spontan
9;05.04.2023;23273;220;spontan
9;08.04.2023;23204;248;spontan
9;14.04.2023;23204;227;spontan
9;04.04.2023;23444;112;vorbestellt
9;07.04.2023;23236;171;spontan
9;14.04.2023;23585;275;spontan
9;24.04.2023;23202;246;spontan
9;17.04.2023;23207;262;spontan
9;15.04.2023;23261;171;spontan
9;11.04.2023;23303;136;spontan
9;28.04.2023;23298;220;spontan
9;26.04.2023;23394;230;spontan
9;27.04.2023;23261;142;spontan
9;03.04.2023;23271;145;spontan
9;24.04.2023;23210;119;spontan
9;22.04.2023;23264;145;spontan
9;05.04.2023;23299;119;spontan
9;25.04.2023;23433;151;vorbestellt
9;19.04.2023;23279;143;spontan
9;21.04.2023;23286;169;spontan
9;01.04.2023;23229;141;spontan
9;05.04.2023;23418;113;vorbestellt
9;21.04.2023;23313;193;spontan
9;12.04.2023;23285;119;spontan
9;03.04.2023;23354;229;spontan
9;25.04.2023;23288;171;spontan
9;19.04.2023;23244;194;spontan
9;07.04.2023;23296;145;spontan
9;25.04.2023;23270;145;spontan
9;29.04.2023;23385;228;spontan
9;24.04.2023;23572;187;spontan
9;05.04.2023;23209;170;spontan
9;18.04.2023;23219;194;spontan
9;25.04.2023;23288;144;spontan
9;05.04.2023;23317;174;spontan
9;18.04.2023;23225;171;spontan
9;19.04.2023;23238;145;spontan
9;03.04.2023;23254;142;spontan
9;14.04.2023;23572;276;spontan
9;07.04.2023;23400;133;vorbestellt
9;03.04.2023;23209;170;spontan
9;14.04.2023;23277;142;spontan
9;25.04.2023;23246;144;spontan
9;25.04.2023;23200;227;spontan
9;01.04.2023;23212;119;spontan
9;06.04.2023;23232;170;spontan
9;12.04.2023;23223;171;spontan
9;01.04.2023;23247;145;spontan
9;12.04.2023;23568;275;spontan
9;18.04.2023;23227;145;spontan
9;14.04.2023;23204;185;spontan
9;14.04.2023;23272;169;spontan
9;29.04.2023;23396;233;spontan
9;12.04.2023;23252;246;spontan
9;15.04.2023;23262;171;spontan
9;29.04.2023;23563;261;spontan
9;14.04.2023;23260;248;spontan
9;12.04.2023;23231;143;spontan
9;04.04.2023;23389;213;spontan
9;07.04.2023;23217;194;spontan
9;17.04.2023;23220;171;spontan
9;27.04.2023;23470;259;vorbestellt
9;28.04.2023;23249;171;spontan
9;03.04.2023;23288;145;spontan
9;17.04.2023;23479;254;vorbestellt
9;07.04.2023;23510;187;spontan
9;03.05.2023;23324;176;spontan
9;04.05.2023;23336;139;spontan
9;02.05.2023;23338;214;spontan
9;09.05.2023;23570;258;spontan
9;09.05.2023;23369;191;spontan
9;09.05.2023;23383;177;spontan
9;05.05.2023;23341;178;spontan
9;25.05.2023;23308;211;spontan
9;26.05.2023;23357;260;spontan
9;09.05.2023;23556;247;spontan
9;06.05.2023;23329;233;spontan
9;10.05.2023;23459;133;vorbestellt
9;03.05.2023;23533;190;spontan
9;02.05.2023;23339;140;spontan
9;03.05.2023;23388;138;spontan
9;03.05.2023;23396;180;spontan
9;11.05.2023;23361;216;spontan
9;06.05.2023;23327;177;spontan
9;25.05.2023;23398;180;spontan
9;02.05.2023;23370;135;spontan
9;09.05.2023;23376;232;spontan
9;25.05.2023;23569;226;spontan
9;06.05.2023;23386;214;spontan
9;03.05.2023;23468;111;vorbestellt
9;19.05.2023;23334;214;spontan
9;20.05.2023;23325;216;spontan
9;03.05.2023;23474;114;vorbestellt
9;22.05.2023;23559;132;spontan
9;04.05.2023;23460;114;vorbestellt
9;19.05.2023;23312;231;spontan
9;26.05.2023;23328;178;spontan
9;09.05.2023;23344;230;spontan
9;27.05.2023;23399;214;spontan
9;15.05.2023;23453;255;vorbestellt
9;09.05.2023;23411;107;vorbestellt
9;25.05.2023;23509;278;spontan
9;31.05.2023;23369;180;spontan
9;11.05.2023;23331;179;spontan
9;16.05.2023;23330;120;spontan
9;09.05.2023;23270;171;spontan
9;24.05.2023;23505;271;spontan
9;02.05.2023;23435;201;vorbestellt
9;03.05.2023;23388;235;spontan
9;06.05.2023;23328;219;spontan
9;19.05.2023;23314;250;spontan
9;16.05.2023;23314;134;spontan
9;30.05.2023;23534;273;spontan
9;03.05.2023;23315;137;spontan
9;04.05.2023;23323;180;spontan
9;22.05.2023;23324;135;spontan
9;11.05.2023;23210;119;spontan
9;26.05.2023;23348;213;spontan
9;26.05.2023;23331;191;spontan
9;19.05.2023;23577;270;spontan
9;04.05.2023;23307;217;spontan
9;22.05.2023;23374;231;spontan
9;27.05.2023;23353;195;spontan
9;06.05.2023;23395;177;spontan
9;08.05.2023;23407;150;vorbestellt
9;04.05.2023;23326;100;spontan
9;31.05.2023;23380;175;spontan
9;16.05.2023;23357;225;spontan
9;09.05.2023;23540;131;spontan
9;20.05.2023;23367;215;spontan
9;13.05.2023;23218;170;spontan
9;15.05.2023;23349;223;spontan
9;03.05.2023;23332;228;spontan
9;13.05.2023;23545;131;spontan
9;12.05.2023;23346;231;spontan
9;09.05.2023;23317;197;spontan
9;30.05.2023;23451;199;vorbestellt
9;16.05.2023;23339;210;spontan
9;11.05.2023;23365;178;spontan
9;25.05.2023;23314;120;spontan
9;15.05.2023;23364;193;spontan
9;19.05.2023;23313;197;spontan
9;23.05.2023;23341;250;spontan
9;09.05.2023;23348;228;spontan
9;25.05.2023;23381;231;spontan
9;09.05.2023;23460;200;vorbestellt
9;12.05.2023;23367;222;spontan
9;19.05.2023;23339;222;spontan
9;10.05.2023;23309;223;spontan
9;22.05.2023;23361;197;spontan
9;02.05.2023;23300;223;spontan
9;03.05.2023;23362;177;spontan
9;30.05.2023;23398;228;spontan
9;02.05.2023;23325;193;spontan
9;20.05.2023;23323;232;spontan
9;20.05.2023;23301;217;spontan
9;24.05.2023;23394;232;spontan
9;30.05.2023;23347;216;spontan
9;11.05.2023;23384;234;spontan
9;16.05.2023;23597;275;spontan
9;16.05.2023;23492;200;vorbestellt
9;05.05.2023;23353;193;spontan
9;13.05.2023;23355;121;spontan
9;25.05.2023;23501;272;spontan
9;05.05.2023;23376;180;spontan
9;26.05.2023;23354;219;spontan
9;06.06.2023;23377;136;spontan
9;23.06.2023;23219;248;spontan
9;03.06.2023;23380;249;spontan
9;12.06.2023;23390;210;spontan
9;10.06.2023;23312;250;spontan
9;13.06.2023;23366;230;spontan
9;03.06.2023;23232;142;spontan
9;09.06.2023;23388;216;spontan
9;09.06.2023;23391;180;spontan
9;01.06.2023;23315;137;spontan
9;14.06.2023;23305;137;spontan
9;15.06.2023;23306;232;spontan
9;01.06.2023;23566;187;spontan
9;24.06.2023;23546;132;spontan
9;15.06.2023;23368;215;spontan
9;06.06.2023;23484;201;vorbestellt
9;14.06.2023;23561;272;spontan
9;30.06.2023;23498;113;vorbestellt
9;14.06.2023;23333;225;spontan
9;23.06.2023;23395;229;spontan
9;22.06.2023;23316;214;spontan
9;23.06.2023;23518;132;spontan
9;14.06.2023;23212;246;spontan
9;28.06.2023;23396;193;spontan
9;29.06.2023;23347;229;spontan
9;15.06.2023;23509;273;spontan
9;13.06.2023;23457;115;vorbestellt
9;16.06.2023;23477;259;vorbestellt
9;20.06.2023;23385;232;spontan
9;09.06.2023;23383;210;spontan
9;10.06.2023;23318;250;spontan
9;28.06.2023;23210;119;spontan
9;06.06.2023;23435;109;vorbestellt
9;17.06.2023;23510;132;spontan
9;26.06.2023;23492;150;vorbestellt
9;14.06.2023;23498;108;vorbestellt
9;12.06.2023;23321;175;spontan
9;15.06.2023;23367;103;spontan
9;22.06.2023;23367;221;spontan
9;30.06.2023;23330;250;spontan
9;27.06.2023;23337;104;spontan
9;17.06.2023;23390;215;spontan
9;15.06.2023;23380;250;spontan
9;14.06.2023;23427;201;vorbestellt
9;22.06.2023;23397;139;spontan
9;28.06.2023;23321;136;spontan
9;17.06.2023;23362;232;spontan
9;06.06.2023;23491;151;vorbestellt
9;28.06.2023;23286;142;spontan
9;03.06.2023;23362;209;spontan
9;09.06.2023;23389;138;spontan
9;20.06.2023;23359;222;spontan
9;23.06.2023;23310;195;spontan
9;09.06.2023;23522;190;spontan
9;29.06.2023;23333;211;spontan
9;23.06.2023;23350;104;spontan
9;16.06.2023;23344;210;spontan
9;30.06.2023;23366;139;spontan
9;17.06.2023;23310;191;spontan
9;15.06.2023;23314;140;spontan
9;23.06.2023;23384;260;spontan
9;16.06.2023;23370;250;spontan
9;09.06.2023;23334;176;spontan
9;09.06.2023;23388;134;spontan
9;02.06.2023;23297;171;spontan
9;13.06.2023;23565;278;spontan
9;24.06.2023;23361;210;spontan
9;19.06.2023;23337;137;spontan
9;10.06.2023;23268;142;spontan
9;27.06.2023;23392;179;spontan
9;02.06.2023;23444;150;vorbestellt
9;14.06.2023;23313;102;spontan
9;10.06.2023;23254;262;spontan
9;17.06.2023;23548;247;spontan
9;22.06.2023;23282;119;spontan
9;27.06.2023;23399;232;spontan
9;07.06.2023;23233;248;spontan
9;24.06.2023;23339;249;spontan
9;10.06.2023;23367;121;spontan
9;12.06.2023;23459;107;vorbestellt
9;05.06.2023;23352;210;spontan
9;03.06.2023;23328;175;spontan
9;10.06.2023;23440;109;vorbestellt
9;15.06.2023;23392;260;spontan
9;17.06.2023;23478;161;vorbestellt
9;29.06.2023;23387;249;spontan
9;03.06.2023;23334;231;spontan
9;09.06.2023;23381;228;spontan
9;24.06.2023;23351;228;spontan
9;28.06.2023;23345;137;spontan
9;26.06.2023;23328;175;spontan
9;24.06.2023;23339;134;spontan
9;19.06.2023;23527;190;spontan
9;13.06.2023;23337;222;spontan
9;23.06.2023;23397;101;spontan
9;21.06.2023;23363;222;spontan
9;20.06.2023;23336;214;spontan
9;01.06.2023;23360;180;spontan
9;24.06.2023;23362;134;spontan
9;16.06.2023;23384;216;spontan
9;28.07.2023;23326;225;spontan
9;10.07.2023;23316;136;spontan
9;29.07.2023;23437;252;vorbestellt
9;13.07.2023;23212;141;spontan
9;12.07.2023;23318;101;spontan
9;26.07.2023;23365;198;spontan
9;28.07.2023;23284;220;spontan
9;17.07.2023;23396;102;spontan
9;11.07.2023;23450;133;vorbestellt
9;04.07.2023;23375;229;spontan
9;17.07.2023;23558;251;spontan
9;15.07.2023;23461;256;vorbestellt
9;29.07.2023;23333;232;spontan
9;26.07.2023;23571;272;spontan
9;07.07.2023;23361;134;spontan
9;29.07.2023;23370;134;spontan
9;27.07.2023;23296;169;spontan
9;18.07.2023;23389;218;spontan
9;19.07.2023;23289;171;spontan
9;05.07.2023;23367;233;spontan
9;18.07.2023;23541;189;spontan
9;29.07.2023;23318;193;spontan
9;28.07.2023;23384;104;spontan
9;07.07.2023;23327;211;spontan
9;27.07.2023;23388;225;spontan
9;19.07.2023;23460;199;vorbestellt
9;18.07.2023;23384;140;spontan
9;29.07.2023;23311;218;spontan
9;19.07.2023;23328;209;spontan
9;08.07.2023;23370;138;spontan
9;18.07.2023;23371;140;spontan
9;31.07.2023;23311;232;spontan
9;27.07.2023;23472;259;vorbestellt
9;15.07.2023;23414;128;vorbestellt
9;01.07.2023;23323;218;spontan
9;20.07.2023;23303;136;spontan
9;25.07.2023;23404;128;vorbestellt
9;03.07.2023;23315;212;spontan
9;26.07.2023;23263;169;spontan
9;06.07.2023;23393;138;spontan
9;22.07.2023;23324;100;spontan
9;20.07.2023;23303;216;spontan
9;27.07.2023;23310;191;spontan
9;10.07.2023;23373;140;spontan
9;01.07.2023;23304;228;spontan
9;31.07.2023;23366;192;spontan
9;25.07.2023;23527;131;spontan
9;27.07.2023;23367;139;spontan
9;14.07.2023;23339;233;spontan
9;25.07.2023;23402;111;vorbestellt
9;07.07.2023;23374;100;spontan
9;06.07.2023;23380;121;spontan
9;18.07.2023;23290;262;spontan
9;27.07.2023;23363;192;spontan
9;19.07.2023;23255;220;spontan
9;17.07.2023;23353;211;spontan
9;11.07.2023;23342;249;spontan
9;28.07.2023;23312;138;spontan
9;14.07.2023;23369;138;spontan
9;25.07.2023;23307;230;spontan
9;24.07.2023;23547;276;spontan
9;25.07.2023;23269;170;spontan
9;26.07.2023;23363;195;spontan
9;25.07.2023;23396;225;spontan
9;31.07.2023;23381;138;spontan
9;07.07.2023;23561;258;spontan
9;05.07.2023;23376;211;spontan
9;28.07.2023;23359;221;spontan
9;10.07.2023;23386;229;spontan
9;04.07.2023;23573;226;spontan
9;07.07.2023;23593;130;spontan
9;18.07.2023;23366;100;spontan
9;07.07.2023;23328;139;spontan
9;05.07.2023;23399;103;spontan
9;06.07.2023;23497;199;vorbestellt
9;19.07.2023;23370;101;spontan
9;06.07.2023;23341;177;spontan
9;12.07.2023;23388;223;spontan
9;24.07.2023;23213;185;spontan
9;29.07.2023;23358;175;spontan
9;01.07.2023;23481;128;vorbestellt
9;14.07.2023;23301;218;spontan
9;22.07.2023;23363;216;spontan
9;04.07.2023;23398;217;spontan
9;17.07.2023;23374;138;spontan
9;13.07.2023;23454;150;vorbestellt
9;20.07.2023;23514;186;spontan
9;14.07.2023;23392;177;spontan
9;24.07.2023;23365;215;spontan
9;03.07.2023;23370;218;spontan
9;04.07.2023;23327;249;spontan
9;29.07.2023;23324;249;spontan
9;25.07.2023;23370;210;spontan
9;13.07.2023;23233;141;spontan
9;13.07.2023;23412;111;vorbestellt
9;19.07.2023;23312;179;spontan
9;31.07.2023;23326;218;spontan
9;07.07.2023;23332;100;spontan
9;31.07.2023;23470;105;vorbestellt
9;29.07.2023;23557;129;spontan
9;21.08.2023;23540;273;spontan
9;19.08.2023;23315;222;spontan
9;26.08.2023;23350;223;spontan
9;14.08.2023;23390;135;spontan
9;16.08.2023;23538;278;spontan
9;12.08.2023;23237;145;spontan
9;05.08.2023;23495;150;vorbestellt
9;03.08.2023;23327;101;spontan
9;03.08.2023;23318;197;spontan
9;21.08.2023;23312;211;spontan
9;26.08.2023;23394;192;spontan
9;31.08.2023;23318;140;spontan
9;11.08.2023;23299;141;spontan
9;08.08.2023;23262;171;spontan
9;26.08.2023;23331;219;spontan
9;21.08.2023;23294;246;spontan
9;07.08.2023;23367;135;spontan
9;11.08.2023;23365;174;spontan
9;24.08.2023;23336;197;spontan
9;22.08.2023;23319;229;spontan
9;28.08.2023;23431;133;vorbestellt
9;25.08.2023;23308;139;spontan
9;11.08.2023;23234;119;spontan
9;07.08.2023;23339;225;spontan
9;16.08.2023;23570;131;spontan
9;25.08.2023;23436;256;vorbestellt
9;01.08.2023;23393;197;spontan
9;08.08.2023;23435;199;vorbestellt
9;19.08.2023;23384;221;spontan
9;09.08.2023;23302;140;spontan
9;10.08.2023;23381;179;spontan
9;15.08.2023;23370;140;spontan
9;21.08.2023;23340;100;spontan
9;11.08.2023;23315;137;spontan
9;12.08.2023;23307;178;spontan
9;16.08.2023;23339;212;spontan
9;12.08.2023;23329;219;spontan
9;03.08.2023;23493;115;vorbestellt
9;18.08.2023;23578;187;spontan
9;17.08.2023;23319;223;spontan
9;17.08.2023;23311;222;spontan
9;19.08.2023;23314;211;spontan
9;28.08.2023;23245;145;spontan
9;21.08.2023;23323;174;spontan
9;07.08.2023;23365;176;spontan
9;31.08.2023;23259;169;spontan
9;10.08.2023;23354;177;spontan
9;19.08.2023;23344;209;spontan
9;12.08.2023;23344;210;spontan
9;12.08.2023;23372;100;spontan
9;22.08.2023;23598;188;spontan
9;03.08.2023;23209;185;spontan
9;14.08.2023;23316;211;spontan
9;29.08.2023;23301;101;spontan
9;28.08.2023;23363;233;spontan
9;09.08.2023;23327;176;spontan
9;21.08.2023;23324;197;spontan
9;25.08.2023;23354;235;spontan
9;12.08.2023;23283;185;spontan
9;14.08.2023;23340;178;spontan
9;19.08.2023;23528;186;spontan
9;03.08.2023;23345;234;spontan
9;28.08.2023;23584;188;spontan
9;09.08.2023;23275;169;spontan
9;30.08.2023;23362;219;spontan
9;04.08.2023;23348;249;spontan
9;21.08.2023;23541;274;spontan
9;19.08.2023;23488;224;vorbestellt
9;18.08.2023;23476;111;vorbestellt
9;31.08.2023;23342;223;spontan
9;05.08.2023;23322;100;spontan
9;22.08.2023;23321;217;spontan
9;09.08.2023;23394;214;spontan
9;01.08.2023;23367;198;spontan
9;17.08.2023;23341;175;spontan
9;24.08.2023;23247;246;spontan
9;10.08.2023;23357;195;spontan
9;11.08.2023;23268;143;spontan
9;29.08.2023;23306;209;spontan
9;23.08.2023;23322;198;spontan
9;25.08.2023;23379;230;spontan
9;10.08.2023;23450;106;vorbestellt
9;08.08.2023;23373;191;spontan
9;10.08.2023;23336;176;spontan
9;07.08.2023;23594;188;spontan
9;03.08.2023;23525;274;spontan
9;15.08.2023;23391;222;spontan
9;30.08.2023;23361;211;spontan
9;30.08.2023;23305;136;spontan
9;02.08.2023;23261;227;spontan
9;09.08.2023;23354;191;spontan
9;29.08.2023;23202;144;spontan
9;24.08.2023;23335;235;spontan
9;15.08.2023;23338;213;spontan
9;14.08.2023;23354;193;spontan
9;03.08.2023;23346;232;spontan
9;12.08.2023;23380;102;spontan
9;21.08.2023;23389;136;spontan
9;12.08.2023;23327;221;spontan
9;14.08.2023;23313;197;spontan
9;26.09.2023;23454;207;vorbestellt
9;28.09.2023;23459;241;vorbestellt
9;22.09.2023;23402;117;vorbestellt
9;09.09.2023;23407;238;vorbestellt
9;02.09.2023;23242;246;spontan
9;20.09.2023;23447;157;vorbestellt
9;19.09.2023;23457;183;vorbestellt
9;02.09.2023;23265;144;spontan
9;14.09.2023;23448;268;vorbestellt
9;05.09.2023;23463;236;vorbestellt
9;13.09.2023;23463;242;vorbestellt
9;22.09.2023;23404;125;vorbestellt
9;06.09.2023;23349;235;spontan
9;27.09.2023;23474;263;vorbestellt
9;04.09.2023;23437;184;vorbestellt
9;06.09.2023;23277;141;spontan
9;28.09.2023;23341;210;spontan
9;05.09.2023;23453;149;vorbestellt
9;27.09.2023;23291;246;spontan
9;28.09.2023;23418;147;vorbestellt
9;05.09.2023;23589;190;spontan
9;14.09.2023;23233;143;spontan
9;14.09.2023;23383;218;spontan
9;14.09.2023;23495;244;vorbestellt
9;25.09.2023;23480;204;vorbestellt
9;04.09.2023;23554;274;spontan
9;23.09.2023;23466;164;vorbestellt
9;22.09.2023;23358;135;spontan
9;21.09.2023;23470;172;vorbestellt
9;21.09.2023;23414;159;vorbestellt
9;11.09.2023;23538;257;spontan
9;23.09.2023;23288;194;spontan
9;28.09.2023;23538;188;spontan
9;15.09.2023;23418;160;vorbestellt
9;28.09.2023;23392;228;spontan
9;04.09.2023;23454;184;vorbestellt
9;20.09.2023;23530;132;spontan
9;06.09.2023;23230;144;spontan
9;25.09.2023;23468;149;vorbestellt
9;08.09.2023;23452;268;vorbestellt
9;11.09.2023;23414;160;vorbestellt
9;02.09.2023;23520;258;spontan
9;15.09.2023;23299;185;spontan
9;11.09.2023;23465;165;vorbestellt
9;09.09.2023;23428;204;vorbestellt
9;25.09.2023;23219;246;spontan
9;02.09.2023;23465;122;vorbestellt
9;12.09.2023;23406;164;vorbestellt
9;11.09.2023;23331;177;spontan
9;23.09.2023;23262;194;spontan
9;26.09.2023;23240;262;spontan
9;30.09.2023;23573;186;spontan
9;01.09.2023;23450;122;vorbestellt
9;19.09.2023;23345;232;spontan
9;20.09.2023;23445;159;vorbestellt
9;23.09.2023;23295;119;spontan
9;14.09.2023;23436;279;vorbestellt
9;23.09.2023;23470;182;vorbestellt
9;18.09.2023;23495;126;vorbestellt
9;25.09.2023;23486;182;vorbestellt
9;18.09.2023;23407;268;vorbestellt
9;29.09.2023;23497;168;vorbestellt
9;08.09.2023;23451;282;vorbestellt
9;09.09.2023;23489;266;vorbestellt
9;18.09.2023;23403;154;vorbestellt
9;18.09.2023;23495;266;vorbestellt
9;18.09.2023;23468;149;vorbestellt
9;26.09.2023;23435;281;vorbestellt
9;23.09.2023;23434;183;vorbestellt
9;13.09.2023;23489;127;vorbestellt
9;28.09.2023;23449;263;vorbestellt
9;05.09.2023;23284;194;spontan
9;22.09.2023;23430;152;vorbestellt
9;28.09.2023;23413;208;vorbestellt
9;29.09.2023;23489;239;vorbestellt
9;12.09.2023;23279;119;spontan
9;27.09.2023;23591;257;spontan
9;26.09.2023;23459;148;vorbestellt
9;27.09.2023;23431;267;vorbestellt
9;22.09.2023;23498;124;vorbestellt
9;06.09.2023;23339;213;spontan
9;22.09.2023;23526;189;spontan
9;04.09.2023;23512;274;spontan
9;27.09.2023;23400;263;vorbestellt
9;11.09.2023;23465;162;vorbestellt
9;11.09.2023;23471;208;vorbestellt
9;19.09.2023;23414;236;vorbestellt
9;20.09.2023;23477;162;vorbestellt
9;16.09.2023;23280;227;spontan
9;07.09.2023;23459;268;vorbestellt
9;19.09.2023;23416;279;vorbestellt
9;06.09.2023;23405;245;vorbestellt
9;25.09.2023;23465;208;vorbestellt
9;07.09.2023;23413;123;vorbestellt
9;27.09.2023;23440;265;vorbestellt
9;26.09.2023;23391;260;spontan
9;18.09.2023;23424;245;vorbestellt
9;27.09.2023;23264;119;spontan
9;12.09.2023;23405;279;vorbestellt
9;09.09.2023;23426;241;vorbestellt
9;06.09.2023;23428;159;vorbestellt
9;02.09.2023;23300;222;spontan
9;21.09.2023;23475;122;vorbestellt
9;14.09.2023;23434;160;vorbestellt
9;11.09.2023;23570;187;spontan
9;13.09.2023;23418;207;vorbestellt
9;16.09.2023;23309;233;spontan
9;16.09.2023;23222;142;spontan
9;21.09.2023;23314;198;spontan
9;23.09.2023;23270;142;spontan
9;08.09.2023;23412;206;vorbestellt
9;27.09.2023;23428;118;vorbestellt
9;07.09.2023;23441;268;vorbestellt
9;25.09.2023;23420;267;vorbestellt
9;13.09.2023;23482;158;vorbestellt
9;12.09.2023;23474;237;vorbestellt
9;25.09.2023;23407;125;vorbestellt
9;12.09.2023;23287;145;spontan
9;04.09.2023;23466;265;vorbestellt
9;25.09.2023;23215;185;spontan
9;21.09.2023;23486;243;vorbestellt
9;07.09.2023;23498;165;vorbestellt
9;20.09.2023;23303;136;spontan
9;18.09.2023;23290;170;spontan
9;04.09.2023;23420;168;vorbestellt
9;07.09.2023;23238;169;spontan
9;29.09.2023;23480;266;vorbestellt
9;04.09.2023;23468;240;vorbestellt
9;19.09.2023;23576;131;spontan
9;05.09.2023;23402;268;vorbestellt
9;05.09.2023;23477;160;vorbestellt
9;07.09.2023;23402;205;vorbestellt
9;19.09.2023;23488;182;vorbestellt
9;29.09.2023;23439;237;vorbestellt
9;26.09.2023;23421;208;vorbestellt
9;28.09.2023;23479;167;vorbestellt
9;30.09.2023;23410;184;vorbestellt
9;11.09.2023;23308;134;spontan
9;29.09.2023;23333;233;spontan
9;18.09.2023;23468;239;vorbestellt
9;15.09.2023;23570;188;spontan
9;11.09.2023;23527;273;spontan
9;30.09.2023;23481;183;vorbestellt
9;21.09.2023;23470;266;vorbestellt
9;07.09.2023;23412;240;vorbestellt
9;21.09.2023;23419;149;vorbestellt
9;16.09.2023;23425;242;vorbestellt
9;05.09.2023;23471;125;vorbestellt
9;05.09.2023;23453;146;vorbestellt
9;15.09.2023;23567;247;spontan
9;27.09.2023;23275;119;spontan
9;01.09.2023;23286;169;spontan
9;23.09.2023;23429;241;vorbestellt
9;15.09.2023;23460;157;vorbestellt
9;13.09.2023;23233;170;spontan
9;23.09.2023;23516;277;spontan
9;09.09.2023;23447;208;vorbestellt
9;23.09.2023;23346;223;spontan
9;08.09.2023;23447;245;vorbestellt
9;26.09.2023;23495;264;vorbestellt
9;15.09.2023;23534;276;spontan
9;05.09.2023;23382;225;spontan
9;18.09.2023;23460;204;vorbestellt
9;12.09.2023;23438;167;vorbestellt
9;27.09.2023;23587;270;spontan
9;22.09.2023;23479;149;vorbestellt
9;05.09.2023;23462;162;vorbestellt
9;09.09.2023;23494;238;vorbestellt
9;13.09.2023;23425;208;vorbestellt
9;13.09.2023;23461;173;vorbestellt
9;01.09.2023;23437;124;vorbestellt
9;09.09.2023;23493;152;vorbestellt
9;01.09.2023;23235;185;spontan
9;08.09.2023;23405;264;vorbestellt
9;25.09.2023;23313;234;spontan
9;26.09.2023;23301;212;spontan
9;27.09.2023;23326;229;spontan
9;07.09.2023;23498;202;vorbestellt
9;06.09.2023;23317;139;spontan
9;01.09.2023;23464;146;vorbestellt
9;06.09.2023;23476;125;vorbestellt
9;13.09.2023;23486;279;vorbestellt
9;20.09.2023;23417;117;vorbestellt
9;01.09.2023;23563;189;spontan
9;14.09.2023;23484;118;vorbestellt
9;25.09.2023;23421;172;vorbestellt
9;22.09.2023;23479;267;vorbestellt
9;13.09.2023;23459;154;vorbestellt
9;04.09.2023;23420;117;vorbestellt
9;16.09.2023;23412;122;vorbestellt
9;16.09.2023;23415;117;vorbestellt
9;26.09.2023;23448;149;vorbestellt
9;28.09.2023;23573;272;spontan
9;19.09.2023;23379;231;spontan
9;13.09.2023;23429;264;vorbestellt
9;14.09.2023;23409;204;vorbestellt
9;20.09.2023;23402;243;vorbestellt
9;07.09.2023;23497;206;vorbestellt
9;12.09.2023;23473;265;vorbestellt
9;12.09.2023;23452;158;vorbestellt
9;11.09.2023;23490;172;vorbestellt
9;12.09.2023;23249;185;spontan
9;14.09.2023;23395;137;spontan
9;12.09.2023;23472;280;vorbestellt
9;01.09.2023;23485;164;vorbestellt
9;09.09.2023;23478;148;vorbestellt
9;13.09.2023;23285;262;spontan
9;04.09.2023;23595;187;spontan
9;01.09.2023;23258;248;spontan
9;02.09.2023;23433;158;vorbestellt
9;06.09.2023;23531;272;spontan
9;23.09.2023;23431;282;vorbestellt
9;20.09.2023;23452;239;vorbestellt
9;27.09.2023;23221;119;spontan
9;07.09.2023;23466;165;vorbestellt
9;19.09.2023;23421;162;vorbestellt
9;16.09.2023;23426;202;vorbestellt
9;27.09.2023;23456;202;vorbestellt
9;07.09.2023;23518;258;spontan
9;12.09.2023;23492;208;vorbestellt
9;07.09.2023;23414;173;vorbestellt
9;09.09.2023;23312;179;spontan
9;15.09.2023;23459;116;vorbestellt
9;25.09.2023;23401;157;vorbestellt
9;21.09.2023;23467;127;vorbestellt
9;09.09.2023;23369;235;spontan
9;14.09.2023;23458;240;vorbestellt
9;07.09.2023;23489;160;vorbestellt
9;22.09.2023;23408;184;vorbestellt
9;05.09.2023;23467;156;vorbestellt
9;07.09.2023;23430;182;vorbestellt
9;27.09.2023;23430;122;vorbestellt
9;16.09.2023;23479;173;vorbestellt
9;30.09.2023;23450;240;vorbestellt
9;30.09.2023;23482;167;vorbestellt
9;19.09.2023;23479;156;vorbestellt
9;07.09.2023;23293;248;spontan
9;07.09.2023;23423;156;vorbestellt
9;20.09.2023;23470;173;vorbestellt
9;07.09.2023;23427;238;vorbestellt
9;12.09.2023;23584;273;spontan
9;30.09.2023;23298;194;spontan
9;07.09.2023;23444;204;vorbestellt
9;01.09.2023;23544;132;spontan
9;08.09.2023;23455;122;vorbestellt
9;21.09.2023;23344;234;spontan
9;09.09.2023;23598;275;spontan
9;14.09.2023;23437;244;vorbestellt
9;23.09.2023;23531;276;spontan
9;15.09.2023;23340;211;spontan
9;22.09.2023;23423;162;vorbestellt
9;09.09.2023;23292;169;spontan
9;15.09.2023;23405;160;vorbestellt
9;26.09.2023;23420;202;vorbestellt
9;28.09.2023;23554;257;spontan
9;16.09.2023;23430;265;vorbestellt
9;16.09.2023;23493;269;vorbestellt
9;28.09.2023;23427;240;vorbestellt
9;13.09.2023;23423;146;vorbestellt
9;14.09.2023;23455;268;vorbestellt
9;25.09.2023;23479;208;vorbestellt
9;08.09.2023;23463;173;vorbestellt
9;15.09.2023;23206;171;spontan
9;16.09.2023;23402;165;vorbestellt
9;22.09.2023;23468;122;vorbestellt
9;01.09.2023;23436;184;vorbestellt
9;13.09.2023;23474;149;vorbestellt
9;22.09.2023;23490;168;vorbestellt
9;14.09.2023;23436;117;vorbestellt
9;25.09.2023;23413;264;vorbestellt
9;07.09.2023;23445;240;vorbestellt
9;29.09.2023;23472;206;vorbestellt
9;20.09.2023;23478;158;vorbestellt
9;25.09.2023;23468;238;vorbestellt
9;02.09.2023;23530;271;spontan
9;20.09.2023;23480;173;vorbestellt
9;25.09.2023;23562;190;spontan
9;18.09.2023;23433;266;vorbestellt
9;21.09.2023;23487;267;vorbestellt
9;12.09.2023;23484;244;vorbestellt
9;26.09.2023;23473;159;vorbestellt
9;12.09.2023;23548;130;spontan
9;30.09.2023;23470;184;vorbestellt
9;01.09.2023;23233;262;spontan
9;18.09.2023;23468;240;vorbestellt
9;27.09.2023;23211;171;spontan
9;18.09.2023;23376;214;spontan
9;22.09.2023;23410;279;vorbestellt
9;06.09.2023;23325;221;spontan
9;09.09.2023;23528;278;spontan
9;02.09.2023;23499;116;vorbestellt
9;27.09.2023;23480;123;vorbestellt
9;22.09.2023;23490;265;vorbestellt
9;09.09.2023;23562;181;spontan
9;27.09.2023;23377;232;spontan
9;05.09.2023;23443;116;vorbestellt
9;20.09.2023;23431;182;vorbestellt
9;07.09.2023;23284;227;spontan
9;14.09.2023;23545;190;spontan
9;15.09.2023;23480;166;vorbestellt
9;12.09.2023;23587;226;spontan
9;22.09.2023;23424;280;vorbestellt
9;27.09.2023;23483;268;vorbestellt
9;01.09.2023;23404;243;vorbestellt
9;19.09.2023;23416;263;vorbestellt
9;06.09.2023;23418;154;vorbestellt
9;14.09.2023;23464;245;vorbestellt
9;12.09.2023;23414;160;vorbestellt
9;30.09.2023;23246;169;spontan
9;07.09.2023;23461;158;vorbestellt
9;02.09.2023;23209;143;spontan
9;02.09.2023;23438;282;vorbestellt
9;18.09.2023;23427;158;vorbestellt
9;09.09.2023;23455;280;vorbestellt
9;22.09.2023;23534;188;spontan
9;09.09.2023;23490;163;vorbestellt
9;09.09.2023;23477;237;vorbestellt
9;05.09.2023;23461;238;vorbestellt
9;06.09.2023;23299;169;spontan
9;05.09.2023;23415;156;vorbestellt
9;13.09.2023;23437;236;vorbestellt
9;05.09.2023;23446;125;vorbestellt
9;05.09.2023;23460;208;vorbestellt
9;09.09.2023;23440;204;vorbestellt
9;05.09.2023;23416;280;vorbestellt
9;01.09.2023;23238;246;spontan
9;06.09.2023;23418;117;vorbestellt
9;12.09.2023;23229;185;spontan
9;04.09.2023;23545;275;spontan
9;11.09.2023;23469;157;vorbestellt
9;26.09.2023;23471;146;vorbestellt
9;20.09.2023;23423;242;vorbestellt
9;25.09.2023;23423;241;vorbestellt
9;25.09.2023;23431;160;vorbestellt
9;12.09.2023;23259;185;spontan
9;07.09.2023;23400;279;vorbestellt
9;01.09.2023;23472;125;vorbestellt
9;28.09.2023;23423;207;vorbestellt
9;05.09.2023;23421;236;vorbestellt
9;27.09.2023;23419;184;vorbestellt
9;19.09.2023;23484;282;vorbestellt
9;14.09.2023;23403;127;vorbestellt
9;07.09.2023;23439;116;vorbestellt
9;11.09.2023;23474;155;vorbestellt
9;22.09.2023;23468;206;vorbestellt
9;01.09.2023;23436;264;vorbestellt
9;22.09.2023;23290;144;spontan
9;25.09.2023;23338;232;spontan
9;11.09.2023;23408;245;vorbestellt
9;13.09.2023;23443;268;vorbestellt
9;15.09.2023;23498;123;vorbestellt
9;18.09.2023;23520;132;spontan
9;29.09.2023;23406;126;vorbestellt
9;06.09.2023;23257;262;spontan
9;13.09.2023;23482;202;vorbestellt
9;12.09.2023;23410;148;vorbestellt
9;27.09.2023;23433;207;vorbestellt
9;07.09.2023;23466;208;vorbestellt
9;05.09.2023;23404;244;vorbestellt
9;02.09.2023;23433;203;vorbestellt
9;26.09.2023;23483;237;vorbestellt
9;04.09.2023;23465;123;vorbestellt
9;12.09.2023;23426;238;vorbestellt
9;29.09.2023;23595;257;spontan
9;13.09.2023;23418;155;vorbestellt
9;22.09.2023;23408;168;vorbestellt
9;14.09.2023;23450;204;vorbestellt
9;09.09.2023;23434;264;vorbestellt
9;20.09.2023;23422;269;vorbestellt
9;22.09.2023;23458;146;vorbestellt
9;28.09.2023;23476;147;vorbestellt
9;30.09.2023;23473;152;vorbestellt
9;12.09.2023;23449;156;vorbestellt
9;01.09.2023;23435;238;vorbestellt
9;28.09.2023;23450;173;vorbestellt
9;27.09.2023;23266;248;spontan
9;29.09.2023;23272;145;spontan
9;08.09.2023;23465;126;vorbestellt
9;22.09.2023;23413;155;vorbestellt
9;09.09.2023;23252;220;spontan
9;15.09.2023;23436;265;vorbestellt
9;14.09.2023;23435;266;vorbestellt
9;08.09.2023;23449;240;vorbestellt
9;21.09.2023;23501;275;spontan
9;18.09.2023;23405;282;vorbestellt
9;07.09.2023;23436;159;vorbestellt
9;19.09.2023;23339;229;spontan
9;29.09.2023;23465;205;vorbestellt
9;20.09.2023;23415;238;vorbestellt
9;18.09.2023;23421;157;vorbestellt
9;15.09.2023;23311;223;spontan
9;28.09.2023;23232;142;spontan
9;18.09.2023;23320;213;spontan
9;08.09.2023;23247;171;spontan
9;23.09.2023;23485;162;vorbestellt
9;05.09.2023;23470;168;vorbestellt
9;01.09.2023;23447;166;vorbestellt
9;09.09.2023;23432;152;vorbestellt
9;27.09.2023;23429;206;vorbestellt
9;30.09.2023;23480;164;vorbestellt
9;07.09.2023;23240;248;spontan
9;12.09.2023;23499;281;vorbestellt
9;15.09.2023;23205;194;spontan
9;13.09.2023;23548;258;spontan
9;04.09.2023;23417;127;vorbestellt
9;20.09.2023;23432;123;vorbestellt
9;27.09.2023;23420;242;vorbestellt
9;15.09.2023;23390;180;spontan
9;04.09.2023;23413;266;vorbestellt
9;25.09.2023;23419;239;vorbestellt
9;14.09.2023;23477;238;vorbestellt
9;19.09.2023;23407;116;vorbestellt
9;15.09.2023;23435;204;vorbestellt
9;29.09.2023;23209;169;spontan
9;08.09.2023;23425;269;vorbestellt
9;11.09.2023;23432;269;vorbestellt
9;01.09.2023;23311;230;spontan
9;29.09.2023;23457;265;vorbestellt
9;15.09.2023;23407;162;vorbestellt
9;21.09.2023;23480;282;vorbestellt
9;06.09.2023;23438;265;vorbestellt
9;27.09.2023;23477;153;vorbestellt
9;30.09.2023;23412;152;vorbestellt
9;22.09.2023;23300;250;spontan
9;01.09.2023;23233;169;spontan
9;19.09.2023;23491;263;vorbestellt
9;23.09.2023;23224;145;spontan
9;29.09.2023;23424;266;vorbestellt
9;12.09.2023;23485;282;vorbestellt
9;07.09.2023;23376;103;spontan
9;12.09.2023;23472;117;vorbestellt
9;30.09.2023;23515;276;spontan
9;14.09.2023;23402;154;vorbestellt
9;20.09.2023;23420;167;vorbestellt
9;19.09.2023;23481;165;vorbestellt
9;29.09.2023;23421;244;vorbestellt
9;14.09.2023;23462;268;vorbestellt
9;02.09.2023;23268;119;spontan
9;27.09.2023;23322;192;spontan
9;27.09.2023;23421;202;vorbestellt
9;26.09.2023;23366;102;spontan
9;12.09.2023;23571;186;spontan
9;21.09.2023;23559;271;spontan
9;13.09.2023;23479;241;vorbestellt
9;04.09.2023;23481;240;vorbestellt
9;23.09.2023;23442;154;vorbestellt
9;07.09.2023;23403;243;vorbestellt
9;07.09.2023;23489;153;vorbestellt
9;01.09.2023;23497;265;vorbestellt
9;06.09.2023;23496;242;vorbestellt
9;25.09.2023;23461;125;vorbestellt
9;13.09.2023;23330;250;spontan
9;09.09.2023;23475;266;vorbestellt
9;27.09.2023;23411;163;vorbestellt
9;13.09.2023;23483;125;vorbestellt
9;06.09.2023;23413;266;vorbestellt
9;01.09.2023;23495;208;vorbestellt
9;26.09.2023;23471;183;vorbestellt
9;05.09.2023;23417;237;vorbestellt
9;06.09.2023;23431;280;vorbestellt
9;06.09.2023;23507;181;spontan
9;09.09.2023;23316;197;spontan
9;22.09.2023;23454;241;vorbestellt
9;05.09.2023;23413;127;vorbestellt
9;06.09.2023;23482;173;vorbestellt
9;08.09.2023;23496;240;vorbestellt
9;01.09.2023;23481;206;vorbestellt
9;09.09.2023;23466;124;vorbestellt
9;07.09.2023;23361;140;spontan
9;02.09.2023;23418;236;vorbestellt
9;19.09.2023;23231;141;spontan
9;25.09.2023;23234;248;spontan
9;30.09.2023;23406;279;vorbestellt
9;22.09.2023;23498;242;vorbestellt
9;05.09.2023;23532;276;spontan
9;15.09.2023;23441;126;vorbestellt
9;02.09.2023;23548;129;spontan
9;16.09.2023;23308;230;spontan
9;27.09.2023;23458;147;vorbestellt
9;02.09.2023;23546;131;spontan
9;12.09.2023;23440;242;vorbestellt
9;19.09.2023;23428;208;vorbestellt
9;09.09.2023;23275;170;spontan
9;25.09.2023;23489;166;vorbestellt
9;21.09.2023;23403;127;vorbestellt
9;09.09.2023;23397;136;spontan
9;14.09.2023;23200;220;spontan
9;01.09.2023;23444;204;vorbestellt
9;08.09.2023;23482;167;vorbestellt
9;22.09.2023;23262;246;spontan
9;19.09.2023;23439;156;vorbestellt
9;16.09.2023;23468;172;vorbestellt
9;07.09.2023;23588;129;spontan
9;07.09.2023;23427;207;vorbestellt
9;20.09.2023;23249;169;spontan
9;05.09.2023;23448;267;vorbestellt
9;02.09.2023;23555;189;spontan
9;29.09.2023;23402;146;vorbestellt
9;16.09.2023;23479;125;vorbestellt
9;07.09.2023;23459;182;vorbestellt
9;05.09.2023;23287;185;spontan
9;12.09.2023;23258;194;spontan
9;28.09.2023;23423;173;vorbestellt
9;02.09.2023;23203;248;spontan
9;09.09.2023;23408;268;vorbestellt
9;18.09.2023;23473;153;vorbestellt
9;18.09.2023;23273;141;spontan
9;18.09.2023;23470;117;vorbestellt
9;05.09.2023;23312;134;spontan
9;02.09.2023;23382;137;spontan
9;30.09.2023;23463;122;vorbestellt
9;20.09.2023;23479;243;vorbestellt
9;23.09.2023;23413;167;vorbestellt
9;01.09.2023;23427;165;vorbestellt
9;21.09.2023;23425;208;vorbestellt
9;21.09.2023;23434;237;vorbestellt
9;04.09.2023;23497;126;vorbestellt
9;28.09.2023;23411;154;vorbestellt
9;28.09.2023;23536;258;spontan
9;04.09.2023;23470;265;vorbestellt
9;16.09.2023;23468;147;vorbestellt
9;01.09.2023;23440;281;vorbestellt
9;30.09.2023;23366;191;spontan
9;25.09.2023;23407;238;vorbestellt
9;08.09.2023;23403;269;vorbestellt
9;25.09.2023;23483;118;vorbestellt
9;28.09.2023;23434;146;vorbestellt
9;23.09.2023;23497;242;vorbestellt
9;28.09.2023;23497;265;vorbestellt
9;16.09.2023;23413;267;vorbestellt
9;25.09.2023;23550;261;spontan
9;14.09.2023;23474;162;vorbestellt
9;01.09.2023;23217;171;spontan
9;22.09.2023;23363;101;spontan
9;14.09.2023;23473;157;vorbestellt
9;11.09.2023;23404;183;vorbestellt
9;14.09.2023;23348;230;spontan
9;22.09.2023;23473;280;vorbestellt
9;25.09.2023;23255;248;spontan
9;14.09.2023;23340;103;spontan
9;02.09.2023;23347;103;spontan
9;04.09.2023;23540;190;spontan
9;11.09.2023;23395;223;spontan
9;22.09.2023;23462;245;vorbestellt
9;30.09.2023;23592;186;spontan
9;05.09.2023;23269;169;spontan
9;25.09.2023;23486;149;vorbestellt
9;23.09.2023;23238;248;spontan
9;11.09.2023;23431;206;vorbestellt
9;15.09.2023;23426;172;vorbestellt
9;16.09.2023;23567;273;spontan
9;02.09.2023;23265;170;spontan
9;18.09.2023;23430;203;vorbestellt
9;14.09.2023;23480;127;vorbestellt
9;29.09.2023;23573;186;spontan
9;21.09.2023;23326;231;spontan
9;30.09.2023;23428;172;vorbestellt
9;22.09.2023;23460;205;vorbestellt
9;08.09.2023;23482;118;vorbestellt
9;23.09.2023;23534;275;spontan
9;14.09.2023;23383;215;spontan
9;20.09.2023;23405;156;vorbestellt
9;20.09.2023;23469;239;vorbestellt
9;25.09.2023;23486;243;vorbestellt
9;16.09.2023;23424;165;vorbestellt
9;28.09.2023;23408;147;vorbestellt
9;01.09.2023;23555;132;spontan
9;14.09.2023;23412;146;vorbestellt
9;08.09.2023;23299;171;spontan
9;28.09.2023;23471;155;vorbestellt
9;15.09.2023;23454;157;vorbestellt
9;25.09.2023;23425;208;vorbestellt
9;18.09.2023;23429;184;vorbestellt
9;12.09.2023;23455;207;vorbestellt
9;20.09.2023;23428;240;vorbestellt
9;01.09.2023;23471;279;vorbestellt
9;25.09.2023;23453;168;vorbestellt
9;23.09.2023;23329;217;spontan
9;11.09.2023;23432;172;vorbestellt
9;25.09.2023;23477;241;vorbestellt
9;02.09.2023;23480;204;vorbestellt
9;22.09.2023;23418;241;vorbestellt
9;1.9.1023 00:00:00;23469;152;vorbestellt
9;22.09.2023;23405;152;vorbestellt
9;02.09.2023;23441;239;vorbestellt
9;26.09.2023;23456;163;vorbestellt
9;09.09.2023;23433;182;vorbestellt
9;30.09.2023;23498;202;vorbestellt
9;07.09.2023;23436;148;vorbestellt
9;25.09.2023;23434;268;vorbestellt
9;14.09.2023;23468;116;vorbestellt
9;26.09.2023;23233;262;spontan
9;14.09.2023;23487;122;vorbestellt
9;05.09.2023;23352;196;spontan
9;25.09.2023;23411;204;vorbestellt
9;29.09.2023;23470;244;vorbestellt
9;14.09.2023;23383;228;spontan
9;20.09.2023;23366;249;spontan
9;13.09.2023;23444;158;vorbestellt
9;02.09.2023;23402;203;vorbestellt
9;16.10.2023;23238;119;spontan
9;28.10.2023;23343;136;spontan
9;14.10.2023;23245;185;spontan
9;14.10.2023;23402;115;vorbestellt
9;16.10.2023;23333;175;spontan
9;21.10.2023;23205;248;spontan
9;20.10.2023;23237;142;spontan
9;12.10.2023;23280;262;spontan
9;28.10.2023;23269;145;spontan
9;18.10.2023;23281;262;spontan
9;02.10.2023;23239;144;spontan
9;17.10.2023;23326;234;spontan
9;06.10.2023;23219;143;spontan
9;14.10.2023;23562;130;spontan
9;06.10.2023;23415;107;vorbestellt
9;24.10.2023;23263;119;spontan
9;27.10.2023;23376;101;spontan
9;26.10.2023;23243;246;spontan
9;25.10.2023;23224;185;spontan
9;14.10.2023;23298;119;spontan
9;23.10.2023;23203;227;spontan
9;24.10.2023;23378;179;spontan
9;09.10.2023;23469;199;vorbestellt
9;25.10.2023;23271;246;spontan
9;20.10.2023;23284;141;spontan
9;23.10.2023;23328;216;spontan
9;31.10.2023;23452;259;vorbestellt
9;21.10.2023;23202;141;spontan
9;18.10.2023;23271;246;spontan
9;23.10.2023;23215;220;spontan
9;10.10.2023;23416;254;vorbestellt
9;31.10.2023;23248;246;spontan
9;25.10.2023;23239;246;spontan
9;13.10.2023;23264;169;spontan
9;12.10.2023;23203;262;spontan
9;05.10.2023;23245;119;spontan
9;14.10.2023;23433;114;vorbestellt
9;23.10.2023;23562;278;spontan
9;05.10.2023;23298;194;spontan
9;12.10.2023;23465;133;vorbestellt
9;05.10.2023;23516;276;spontan
9;12.10.2023;23202;141;spontan
9;21.10.2023;23282;119;spontan
9;23.10.2023;23260;143;spontan
9;09.10.2023;23224;142;spontan
9;10.10.2023;23233;143;spontan
9;23.10.2023;23282;248;spontan
9;31.10.2023;23216;171;spontan
9;21.10.2023;23212;220;spontan
9;10.10.2023;23217;143;spontan
9;05.10.2023;23318;212;spontan
9;24.10.2023;23203;171;spontan
9;05.10.2023;23205;169;spontan
9;11.10.2023;23467;256;vorbestellt
9;11.10.2023;23258;248;spontan
9;12.10.2023;23221;143;spontan
9;24.10.2023;23250;142;spontan
9;06.10.2023;23510;247;spontan
9;02.10.2023;23265;185;spontan
9;24.10.2023;23357;104;spontan
9;19.10.2023;23262;142;spontan
9;26.10.2023;23228;141;spontan
9;14.10.2023;23246;142;spontan
9;31.10.2023;23226;171;spontan
9;31.10.2023;23378;176;spontan
9;07.10.2023;23509;275;spontan
9;02.10.2023;23203;142;spontan
9;18.10.2023;23230;170;spontan
9;10.10.2023;23205;185;spontan
9;09.10.2023;23203;119;spontan
9;25.10.2023;23285;142;spontan
9;27.10.2023;23200;185;spontan
9;05.10.2023;23569;276;spontan
9;26.10.2023;23264;119;spontan
9;31.10.2023;23235;248;spontan
9;04.10.2023;23253;144;spontan
9;05.10.2023;23269;143;spontan
9;05.10.2023;23207;220;spontan
9;14.10.2023;23443;150;vorbestellt
9;07.10.2023;23438;252;vorbestellt
9;07.10.2023;23222;142;spontan
9;27.10.2023;23252;246;spontan
9;04.10.2023;23292;143;spontan
9;23.10.2023;23286;144;spontan
9;10.10.2023;23416;113;vorbestellt
9;09.10.2023;23278;143;spontan
9;17.10.2023;23512;278;spontan
9;09.10.2023;23260;227;spontan
9;19.10.2023;23459;113;vorbestellt
9;06.10.2023;23273;185;spontan
9;19.10.2023;23227;144;spontan
9;28.10.2023;23209;143;spontan
9;10.10.2023;23230;170;spontan
9;25.10.2023;23380;217;spontan
9;20.10.2023;23208;171;spontan
9;25.10.2023;23211;169;spontan
9;26.10.2023;23228;141;spontan
9;31.10.2023;23553;270;spontan
9;07.10.2023;23220;185;spontan
9;16.10.2023;23230;262;spontan
9;21.10.2023;23223;142;spontan
9;02.10.2023;23202;169;spontan
9;16.10.2023;23273;144;spontan
9;20.10.2023;23261;220;spontan
9;21.10.2023;23503;181;spontan
9;26.10.2023;23245;144;spontan
9;24.10.2023;23474;106;vorbestellt
9;14.10.2023;23482;255;vorbestellt
9;17.10.2023;23229;141;spontan
9;19.10.2023;23557;226;spontan
9;02.10.2023;23274;143;spontan
9;31.10.2023;23204;143;spontan
9;10.10.2023;23282;141;spontan
9;12.10.2023;23423;224;vorbestellt
9;13.10.2023;23220;142;spontan
9;04.10.2023;23222;119;spontan
9;28.10.2023;23210;246;spontan
9;11.10.2023;23584;251;spontan
9;18.10.2023;23204;119;spontan
9;10.10.2023;23262;169;spontan
9;27.10.2023;23387;229;spontan
9;18.10.2023;23290;246;spontan
9;16.10.2023;23212;185;spontan
9;27.10.2023;23233;119;spontan
9;12.10.2023;23251;169;spontan
9;10.10.2023;23247;170;spontan
9;19.10.2023;23277;246;spontan
9;05.10.2023;23378;180;spontan
9;02.10.2023;23466;112;vorbestellt
9;19.10.2023;23271;119;spontan
9;19.10.2023;23328;135;spontan
9;21.10.2023;23521;276;spontan
9;16.10.2023;23263;246;spontan
9;26.10.2023;23234;143;spontan
9;26.10.2023;23238;220;spontan
9;13.10.2023;23422;200;vorbestellt
9;19.10.2023;23493;151;vorbestellt
9;02.10.2023;23318;235;spontan
9;21.10.2023;23474;161;vorbestellt
9;16.10.2023;23220;248;spontan
9;09.10.2023;23280;185;spontan
9;18.10.2023;23560;129;spontan
9;10.10.2023;23551;132;spontan
9;10.10.2023;23290;145;spontan
9;19.10.2023;23266;169;spontan
9;17.10.2023;23506;257;spontan
9;26.10.2023;23278;141;spontan
9;18.10.2023;23287;142;spontan
9;25.10.2023;23564;187;spontan
9;10.10.2023;23262;220;spontan
9;07.10.2023;23509;226;spontan
9;06.10.2023;23201;194;spontan
9;12.10.2023;23508;277;spontan
9;31.10.2023;23438;256;vorbestellt
9;13.10.2023;23395;195;spontan
9;14.10.2023;23304;178;spontan
9;19.10.2023;23500;275;spontan
9;05.10.2023;23504;276;spontan
9;04.10.2023;23229;248;spontan
9;23.10.2023;23401;133;vorbestellt
9;13.10.2023;23266;262;spontan
9;24.10.2023;23238;143;spontan
9;31.10.2023;23304;249;spontan
9;28.10.2023;23379;140;spontan
9;12.10.2023;23299;171;spontan
9;12.10.2023;23475;201;vorbestellt
9;20.10.2023;23253;170;spontan
9;27.10.2023;23259;145;spontan
9;18.10.2023;23214;220;spontan
9;07.10.2023;23259;169;spontan
9;18.10.2023;23209;169;spontan
9;31.10.2023;23544;181;spontan
9;31.10.2023;23296;171;spontan
9;21.10.2023;23289;170;spontan
9;28.10.2023;23347;225;spontan
9;23.10.2023;23470;150;vorbestellt
9;28.10.2023;23250;194;spontan
9;02.10.2023;23276;262;spontan
9;05.10.2023;23540;273;spontan
9;30.10.2023;23256;194;spontan
9;20.10.2023;23552;251;spontan
9;26.10.2023;23285;185;spontan
9;06.10.2023;23304;136;spontan
9;21.10.2023;23254;171;spontan
9;24.10.2023;23297;185;spontan
9;11.10.2023;23490;200;vorbestellt
9;05.10.2023;23351;212;spontan
9;11.10.2023;23498;199;vorbestellt
9;25.10.2023;23252;185;spontan
9;30.10.2023;23225;141;spontan
9;26.10.2023;23239;171;spontan
9;13.10.2023;23456;115;vorbestellt
9;20.10.2023;23203;119;spontan
9;06.10.2023;23229;169;spontan
9;06.10.2023;23421;109;vorbestellt
9;28.10.2023;23277;141;spontan
9;05.10.2023;23207;220;spontan
9;13.10.2023;23299;227;spontan
9;21.10.2023;23595;278;spontan
9;26.10.2023;23546;187;spontan
9;12.10.2023;23541;273;spontan
9;04.10.2023;23442;109;vorbestellt
9;04.10.2023;23255;227;spontan
9;21.10.2023;23227;262;spontan
9;17.10.2023;23253;170;spontan
9;23.10.2023;23221;144;spontan
9;23.10.2023;23239;220;spontan
9;04.10.2023;23219;141;spontan
9;31.10.2023;23309;231;spontan
9;24.10.2023;23506;275;spontan
9;02.10.2023;23581;131;spontan
9;31.10.2023;23203;141;spontan
9;07.10.2023;23449;110;vorbestellt
9;25.10.2023;23228;246;spontan
9;07.10.2023;23262;141;spontan
9;17.10.2023;23594;257;spontan
9;27.10.2023;23430;115;vorbestellt
9;07.10.2023;23223;220;spontan
9;13.10.2023;23255;220;spontan
9;10.10.2023;23289;248;spontan
9;20.10.2023;23282;145;spontan
9;21.10.2023;23286;171;spontan
9;19.10.2023;23581;187;spontan
9;27.10.2023;23418;133;vorbestellt
9;17.10.2023;23253;227;spontan
9;19.10.2023;23218;246;spontan
9;25.10.2023;23255;141;spontan
9;13.10.2023;23292;194;spontan
9;14.10.2023;23262;171;spontan
9;23.10.2023;23281;143;spontan
9;21.10.2023;23238;144;spontan
9;31.10.2023;23258;169;spontan
9;23.10.2023;23249;141;spontan
9;14.10.2023;23243;170;spontan
9;04.10.2023;23286;141;spontan
9;12.10.2023;23245;171;spontan
9;19.10.2023;23224;145;spontan
9;16.10.2023;23229;144;spontan
9;14.10.2023;23500;273;spontan
9;04.10.2023;23212;142;spontan
9;19.10.2023;23218;194;spontan
9;13.10.2023;23274;246;spontan
9;12.10.2023;23277;227;spontan
9;13.10.2023;23404;255;vorbestellt
9;10.10.2023;23230;170;spontan
9;27.10.2023;23268;144;spontan
9;04.10.2023;23259;144;spontan
9;16.10.2023;23298;185;spontan
9;14.10.2023;23282;171;spontan
9;14.10.2023;23211;248;spontan
9;31.10.2023;23283;185;spontan
9;04.10.2023;23253;194;spontan
9;27.10.2023;23265;220;spontan
9;28.10.2023;23261;262;spontan
9;06.10.2023;23231;141;spontan
9;27.10.2023;23261;185;spontan
9;24.10.2023;23389;209;spontan
9;26.10.2023;23282;169;spontan
9;21.10.2023;23282;141;spontan
9;07.10.2023;23298;220;spontan
9;06.10.2023;23538;189;spontan
9;31.10.2023;23297;171;spontan
9;13.10.2023;23358;230;spontan
9;07.10.2023;23272;145;spontan
9;14.10.2023;23213;142;spontan
9;31.10.2023;23237;119;spontan
9;07.10.2023;23478;259;vorbestellt
9;23.10.2023;23273;169;spontan
9;30.10.2023;23287;220;spontan
9;21.10.2023;23490;105;vorbestellt
9;24.10.2023;23207;194;spontan
9;17.10.2023;23224;262;spontan
9;16.10.2023;23251;220;spontan
9;21.10.2023;23552;274;spontan
9;24.10.2023;23303;197;spontan
9;30.10.2023;23234;141;spontan
9;18.10.2023;23270;119;spontan
9;25.10.2023;23278;171;spontan
9;18.10.2023;23270;220;spontan
9;11.10.2023;23239;170;spontan
9;07.10.2023;23227;143;spontan
9;25.10.2023;23330;233;spontan
9;20.10.2023;23308;249;spontan
9;14.10.2023;23264;185;spontan
9;11.10.2023;23275;185;spontan
9;16.10.2023;23226;145;spontan
9;09.10.2023;23263;171;spontan
9;07.10.2023;23261;145;spontan
9;06.10.2023;23488;113;vorbestellt
9;19.10.2023;23294;194;spontan
9;18.10.2023;23275;248;spontan
9;30.10.2023;23270;248;spontan
9;28.10.2023;23211;143;spontan
9;02.10.2023;23221;185;spontan
9;18.10.2023;23229;194;spontan
9;5.10.1023 00:00:00;23260;246;spontan
9;07.10.2023;23208;246;spontan
9;18.10.2023;23298;170;spontan
9;11.10.2023;23306;120;spontan
9;17.10.2023;23285;145;spontan
9;12.10.2023;23314;211;spontan
9;04.10.2023;23278;227;spontan
9;17.10.2023;23534;132;spontan
9;06.10.2023;23331;193;spontan
9;11.10.2023;23284;248;spontan
9;12.10.2023;23318;193;spontan
9;02.10.2023;23232;141;spontan
9;13.10.2023;23267;144;spontan
9;25.10.2023;23345;195;spontan
9;13.10.2023;23234;169;spontan
9;12.10.2023;23269;145;spontan
9;24.10.2023;23294;194;spontan
9;27.10.2023;23240;170;spontan
9;30.10.2023;23253;119;spontan
9;05.10.2023;23207;185;spontan
9;06.10.2023;23297;171;spontan
9;20.10.2023;23288;227;spontan
9;05.10.2023;23555;131;spontan
9;19.10.2023;23353;192;spontan
9;19.10.2023;23293;170;spontan
9;14.10.2023;23224;145;spontan
9;20.10.2023;23431;115;vorbestellt
9;06.10.2023;23510;251;spontan
9;17.10.2023;23283;262;spontan
9;19.10.2023;23255;194;spontan
9;19.10.2023;23528;186;spontan
9;28.10.2023;23226;169;spontan
9;17.10.2023;23299;227;spontan
9;24.10.2023;23309;250;spontan
9;25.10.2023;23203;220;spontan
9;04.10.2023;23245;194;spontan
9;18.10.2023;23358;176;spontan
9;18.10.2023;23282;171;spontan
9;13.10.2023;23267;246;spontan
9;13.10.2023;23255;262;spontan
9;23.10.2023;23207;143;spontan
9;30.10.2023;23292;248;spontan
9;07.10.2023;23244;171;spontan
9;28.10.2023;23241;142;spontan
9;17.10.2023;23279;143;spontan
9;24.10.2023;23228;262;spontan
9;12.10.2023;23211;194;spontan
9;09.10.2023;23233;185;spontan
9;18.10.2023;23436;107;vorbestellt
9;10.10.2023;23597;275;spontan
9;24.10.2023;23257;171;spontan
9;05.10.2023;23254;144;spontan
9;28.10.2023;23228;142;spontan
9;20.10.2023;23279;248;spontan
9;18.10.2023;23224;169;spontan
9;30.10.2023;23475;133;vorbestellt
9;24.10.2023;23232;220;spontan
9;12.10.2023;23272;248;spontan
9;23.10.2023;23266;194;spontan
9;10.10.2023;23262;119;spontan
9;19.10.2023;23212;220;spontan
9;26.10.2023;23246;119;spontan
9;13.10.2023;23594;130;spontan
9;10.10.2023;23224;220;spontan
9;06.10.2023;23564;275;spontan
9;28.10.2023;23290;144;spontan
9;17.10.2023;23224;145;spontan
9;10.10.2023;23269;262;spontan
9;17.10.2023;23265;170;spontan
9;11.10.2023;23465;109;vorbestellt
9;13.10.2023;23234;143;spontan
9;07.10.2023;23547;276;spontan
9;28.10.2023;23227;262;spontan
9;04.10.2023;23350;197;spontan
9;28.10.2023;23207;194;spontan
9;07.10.2023;23305;198;spontan
9;31.10.2023;23244;194;spontan
9;09.10.2023;23295;220;spontan
9;14.10.2023;23284;141;spontan
9;31.10.2023;23235;170;spontan
9;16.10.2023;23542;272;spontan
9;05.10.2023;23273;169;spontan
9;27.10.2023;23215;119;spontan
9;14.10.2023;23424;133;vorbestellt
9;18.10.2023;23231;143;spontan
9;02.10.2023;23323;225;spontan
9;18.10.2023;23207;194;spontan
9;05.10.2023;23205;220;spontan
9;14.10.2023;23252;262;spontan
9;20.10.2023;23208;248;spontan
9;18.10.2023;23276;246;spontan
9;20.10.2023;23205;227;spontan
9;30.10.2023;23233;248;spontan
9;14.10.2023;23259;194;spontan
9;07.10.2023;23293;262;spontan
9;11.10.2023;23399;196;spontan
9;24.10.2023;23229;227;spontan
9;13.10.2023;23528;226;spontan
9;16.10.2023;23539;273;spontan
9;20.10.2023;23253;246;spontan
9;07.10.2023;23283;143;spontan
9;11.10.2023;23238;194;spontan
9;26.10.2023;23253;169;spontan
9;20.10.2023;23583;271;spontan
9;18.10.2023;23267;185;spontan
9;16.10.2023;23332;191;spontan
9;12.10.2023;23281;227;spontan
9;18.10.2023;23298;262;spontan
9;20.10.2023;23238;170;spontan
9;28.10.2023;23322;210;spontan
9;12.10.2023;23428;111;vorbestellt
9;10.10.2023;23451;128;vorbestellt
9;09.10.2023;23285;262;spontan
9;06.10.2023;23241;194;spontan
9;04.10.2023;23204;171;spontan
9;25.10.2023;23292;171;spontan
9;23.10.2023;23581;226;spontan
9;20.10.2023;23495;105;vorbestellt
9;27.10.2023;23280;227;spontan
9;25.10.2023;23217;119;spontan
9;16.10.2023;23230;246;spontan
9;04.10.2023;23306;180;spontan
9;30.10.2023;23234;246;spontan
9;31.10.2023;23316;234;spontan
9;10.10.2023;23219;143;spontan
9;06.10.2023;23268;194;spontan
9;23.10.2023;23200;194;spontan
9;26.10.2023;23225;170;spontan
9;05.10.2023;23270;169;spontan
9;30.10.2023;23497;107;vorbestellt
9;13.10.2023;23221;141;spontan
9;30.10.2023;23274;143;spontan
9;12.10.2023;23285;248;spontan
9;13.10.2023;23577;226;spontan
9;16.10.2023;23499;109;vorbestellt
9;16.10.2023;23240;141;spontan
9;12.10.2023;23400;224;vorbestellt
9;27.10.2023;23314;139;spontan
9;06.10.2023;23442;115;vorbestellt
9;26.10.2023;23295;145;spontan
9;06.10.2023;23236;143;spontan
9;19.10.2023;23282;143;spontan
9;30.10.2023;23217;145;spontan
9;30.10.2023;23255;220;spontan
9;20.10.2023;23242;220;spontan
9;06.10.2023;23579;226;spontan
9;06.10.2023;23298;262;spontan
9;31.10.2023;23233;185;spontan
9;09.10.2023;23454;199;vorbestellt
9;05.10.2023;23269;227;spontan
9;10.10.2023;23318;193;spontan
9;23.10.2023;23287;248;spontan
9;17.10.2023;23339;103;spontan
9;12.10.2023;23240;169;spontan
9;20.10.2023;23216;169;spontan
9;04.10.2023;23469;224;vorbestellt
9;14.10.2023;23247;169;spontan
9;23.10.2023;23249;169;spontan
9;25.10.2023;23290;227;spontan
9;18.10.2023;23377;104;spontan
9;30.10.2023;23361;104;spontan
9;11.10.2023;23271;170;spontan
9;02.10.2023;23246;227;spontan
9;28.10.2023;23405;128;vorbestellt
9;21.10.2023;23347;211;spontan
9;10.10.2023;23456;110;vorbestellt
9;02.10.2023;23547;270;spontan
9;16.10.2023;23292;227;spontan
9;05.10.2023;23203;144;spontan
9;02.10.2023;23270;144;spontan
9;05.10.2023;23264;220;spontan
9;21.10.2023;23371;178;spontan
9;11.10.2023;23212;220;spontan
9;30.10.2023;23252;169;spontan
9;28.10.2023;23227;185;spontan
9;21.10.2023;23424;200;vorbestellt
9;12.10.2023;23286;227;spontan
9;26.10.2023;23359;196;spontan
9;25.10.2023;23273;246;spontan
9;23.10.2023;23223;220;spontan
9;26.10.2023;23224;185;spontan
9;10.10.2023;23222;169;spontan
9;16.10.2023;23295;170;spontan
9;23.10.2023;23589;226;spontan
9;12.10.2023;23454;201;vorbestellt
9;11.10.2023;23587;186;spontan
9;11.10.2023;23597;131;spontan
9;20.10.2023;23238;141;spontan
9;04.10.2023;23590;186;spontan
9;27.10.2023;23576;226;spontan
9;04.10.2023;23239;144;spontan
9;10.10.2023;23230;220;spontan
9;02.10.2023;23577;187;spontan
9;09.10.2023;23227;227;spontan
9;06.10.2023;23288;220;spontan
9;12.10.2023;23321;231;spontan
9;30.10.2023;23244;227;spontan
9;21.10.2023;23350;175;spontan
9;11.10.2023;23472;107;vorbestellt
9;12.10.2023;23213;185;spontan
9;17.10.2023;23251;220;spontan
9;21.10.2023;23576;261;spontan
9;31.10.2023;23523;129;spontan
9;28.10.2023;23203;145;spontan
9;27.10.2023;23442;252;vorbestellt
9;25.11.2023;23406;253;vorbestellt
9;30.11.2023;23333;176;spontan
9;09.11.2023;23331;180;spontan
9;07.11.2023;23394;222;spontan
9;29.11.2023;23259;119;spontan
9;24.11.2023;23202;246;spontan
9;23.11.2023;23335;214;spontan
9;09.11.2023;23366;174;spontan
9;25.11.2023;23327;216;spontan
9;08.11.2023;23387;198;spontan
9;14.11.2023;23399;234;spontan
9;23.11.2023;23352;101;spontan
9;20.11.2023;23322;211;spontan
9;25.11.2023;23352;260;spontan
9;15.11.2023;23499;115;vorbestellt
9;29.11.2023;23325;195;spontan
9;13.11.2023;23525;271;spontan
9;13.11.2023;23321;214;spontan
9;21.11.2023;23360;214;spontan
9;04.11.2023;23394;100;spontan
9;16.11.2023;23339;260;spontan
9;15.11.2023;23324;217;spontan
9;29.11.2023;23399;223;spontan
9;29.11.2023;23351;136;spontan
9;11.11.2023;23335;139;spontan
9;30.11.2023;23349;221;spontan
9;28.11.2023;23480;107;vorbestellt
9;11.11.2023;23317;176;spontan
9;20.11.2023;23307;136;spontan
9;16.11.2023;23393;137;spontan
9;09.11.2023;23563;251;spontan
9;17.11.2023;23200;143;spontan
9;29.11.2023;23318;136;spontan
9;29.11.2023;23310;191;spontan
9;14.11.2023;23352;233;spontan
9;28.11.2023;23339;197;spontan
9;10.11.2023;23351;138;spontan
9;28.11.2023;23362;217;spontan
9;27.11.2023;23346;140;spontan
9;09.11.2023;23356;216;spontan
9;18.11.2023;23360;195;spontan
9;10.11.2023;23368;191;spontan
9;22.11.2023;23391;100;spontan
9;15.11.2023;23306;136;spontan
9;04.11.2023;23318;179;spontan
9;25.11.2023;23356;214;spontan
9;10.11.2023;23328;234;spontan
9;27.11.2023;23326;230;spontan
9;30.11.2023;23370;233;spontan
9;14.11.2023;23211;227;spontan
9;16.11.2023;23341;217;spontan
9;28.11.2023;23387;217;spontan
9;25.11.2023;23381;231;spontan
9;24.11.2023;23326;137;spontan
9;15.11.2023;23412;151;vorbestellt
9;14.11.2023;23342;250;spontan
9;03.11.2023;23385;177;spontan
9;27.11.2023;23553;277;spontan
9;25.11.2023;23367;195;spontan
9;11.11.2023;23378;235;spontan
9;17.11.2023;23438;105;vorbestellt
9;15.11.2023;23550;187;spontan
9;16.11.2023;23328;209;spontan
9;06.11.2023;23362;198;spontan
9;30.11.2023;23565;270;spontan
9;16.11.2023;23533;189;spontan
9;28.11.2023;23461;200;vorbestellt
9;08.11.2023;23297;220;spontan
9;17.11.2023;23412;201;vorbestellt
9;25.11.2023;23427;161;vorbestellt
9;23.11.2023;23430;199;vorbestellt
9;18.11.2023;23268;144;spontan
9;08.11.2023;23396;197;spontan
9;14.11.2023;23214;246;spontan
9;09.11.2023;23341;230;spontan
9;08.11.2023;23392;232;spontan
9;14.11.2023;23552;261;spontan
9;06.11.2023;23384;225;spontan
9;27.11.2023;23398;140;spontan
9;17.11.2023;23368;180;spontan
9;15.11.2023;23387;223;spontan
9;30.11.2023;23385;197;spontan
9;18.11.2023;23248;194;spontan
9;07.11.2023;23330;211;spontan
9;30.11.2023;23330;180;spontan
9;24.11.2023;23472;114;vorbestellt
9;21.11.2023;23335;196;spontan
9;03.11.2023;23394;193;spontan
9;18.11.2023;23576;276;spontan
9;22.11.2023;23359;213;spontan
9;29.11.2023;23349;175;spontan
9;09.11.2023;23307;180;spontan
9;08.11.2023;23244;227;spontan
9;17.11.2023;23368;214;spontan
9;11.11.2023;23372;179;spontan
9;13.11.2023;23303;216;spontan
9;24.11.2023;23221;119;spontan
9;15.11.2023;23376;219;spontan
9;16.11.2023;23335;121;spontan
9;28.11.2023;23344;102;spontan
9;15.12.2023;23417;110;vorbestellt
9;11.12.2023;23472;255;vorbestellt
9;06.12.2023;23362;109;spontan
9;01.12.2023;23478;128;vorbestellt
9;16.12.2023;23309;115;spontan
9;12.12.2023;23399;199;spontan
9;23.12.2023;23424;224;vorbestellt
9;22.12.2023;23384;199;spontan
9;12.12.2023;23498;253;vorbestellt
9;14.12.2023;23311;108;spontan
9;28.12.2023;23385;128;spontan
9;22.12.2023;23426;151;vorbestellt
9;15.12.2023;23351;151;spontan
9;22.12.2023;23417;113;vorbestellt
9;19.12.2023;23556;187;spontan
9;20.12.2023;23399;128;spontan
9;20.12.2023;23459;128;vorbestellt
9;08.12.2023;23335;254;spontan
9;09.12.2023;23345;252;spontan
9;19.12.2023;23480;115;vorbestellt
9;19.12.2023;23381;128;spontan
9;07.12.2023;23542;247;spontan
9;29.12.2023;23300;201;spontan
9;27.12.2023;23382;111;spontan
9;13.12.2023;23399;259;spontan
9;16.12.2023;23322;105;spontan
9;16.12.2023;23371;150;spontan
9;30.12.2023;23397;110;spontan
9;02.12.2023;23361;200;spontan
9;16.12.2023;23315;106;spontan
9;29.12.2023;23447;111;vorbestellt
9;20.12.2023;23253;194;spontan
9;29.12.2023;23440;259;vorbestellt
9;08.12.2023;23472;252;vorbestellt
9;30.12.2023;23417;200;vorbestellt
9;07.12.2023;23360;109;spontan
9;08.12.2023;23376;109;spontan
9;28.12.2023;23399;114;spontan
9;06.12.2023;23513;270;spontan
9;27.12.2023;23359;110;spontan
9;22.12.2023;23331;114;spontan
9;16.12.2023;23411;224;vorbestellt
9;07.12.2023;23464;109;vorbestellt
9;07.12.2023;23475;112;vorbestellt
9;29.12.2023;23336;115;spontan
9;16.12.2023;23482;112;vorbestellt
9;12.12.2023;23241;145;spontan
9;06.12.2023;23468;113;vorbestellt
9;21.12.2023;23444;253;vorbestellt
9;30.12.2023;23491;107;vorbestellt
9;05.12.2023;23414;201;vorbestellt
9;30.12.2023;23476;255;vorbestellt
9;30.12.2023;23378;254;spontan
9;06.12.2023;23378;108;spontan
9;16.12.2023;23597;187;spontan
9;28.12.2023;23475;113;vorbestellt
9;28.12.2023;23379;115;spontan
9;07.12.2023;23488;128;vorbestellt
9;27.12.2023;23399;150;spontan
9;21.12.2023;23320;109;spontan
9;18.12.2023;23460;254;vorbestellt
9;15.12.2023;23325;128;spontan
9;29.12.2023;23373;224;spontan
9;11.12.2023;23501;275;spontan
9;16.12.2023;23456;111;vorbestellt
9;07.12.2023;23502;257;spontan
9;22.12.2023;23371;128;spontan
9;02.12.2023;23489;109;vorbestellt
9;06.12.2023;23370;115;spontan
9;21.12.2023;23488;106;vorbestellt
9;02.12.2023;23586;187;spontan
9;07.12.2023;23490;200;vorbestellt
9;08.12.2023;23326;111;spontan
9;07.12.2023;23361;151;spontan
9;15.12.2023;23410;256;vorbestellt
9;21.12.2023;23491;255;vorbestellt
9;14.12.2023;23318;255;spontan
9;05.12.2023;23355;105;spontan
9;18.12.2023;23377;114;spontan
9;13.12.2023;23412;256;vorbestellt
9;27.12.2023;23361;252;spontan
9;20.12.2023;23515;187;spontan
9;28.12.2023;23320;259;spontan
9;21.12.2023;23357;112;spontan
9;11.12.2023;23439;114;vorbestellt
9;09.12.2023;23540;272;spontan
9;18.12.2023;23414;111;vorbestellt
9;04.12.2023;23362;150;spontan
9;11.12.2023;23358;106;spontan
9;09.12.2023;23440;200;vorbestellt
9;02.12.2023;23331;252;spontan
9;12.12.2023;23346;108;spontan
9;02.12.2023;23394;254;spontan
9;04.12.2023;23481;128;vorbestellt
9;09.12.2023;23488;106;vorbestellt
9;18.12.2023;23461;133;vorbestellt
9;04.12.2023;23341;109;spontan
9;02.12.2023;23438;254;vorbestellt
9;12.12.2023;23497;201;vorbestellt
9;07.12.2023;23441;107;vorbestellt
9;01.12.2023;23368;259;spontan
9;19.12.2023;23542;226;spontan
9;06.12.2023;23216;169;spontan
9;20.12.2023;23353;114;spontan
9;19.12.2023;23459;106;vorbestellt
9;05.12.2023;23334;254;spontan
9;15.12.2023;23397;109;spontan
9;30.12.2023;23347;109;spontan
9;27.12.2023;23471;259;vorbestellt
9;06.12.2023;23512;189;spontan
9;01.12.2023;23440;128;vorbestellt
9;05.12.2023;23307;252;spontan
9;22.12.2023;23483;161;vorbestellt
9;02.12.2023;23281;246;spontan
9;09.12.2023;23436;112;vorbestellt
9;21.12.2023;23498;201;vorbestellt
9;16.12.2023;23441;108;vorbestellt
9;12.12.2023;23404;200;vorbestellt
9;22.12.2023;23326;253;spontan
9;07.12.2023;23319;256;spontan
9;18.12.2023;23412;133;vorbestellt
9;15.12.2023;23454;106;vorbestellt
9;28.12.2023;23443;105;vorbestellt
9;20.12.2023;23452;259;vorbestellt
9;08.12.2023;23236;171;spontan
9;02.12.2023;23458;256;vorbestellt
9;21.12.2023;23466;111;vorbestellt
9;07.12.2023;23309;115;spontan
9;11.12.2023;23470;114;vorbestellt
9;14.12.2023;23254;185;spontan
9;18.12.2023;23472;253;vorbestellt
9;13.12.2023;23490;254;vorbestellt
9;14.12.2023;23343;114;spontan
9;11.12.2023;23436;259;vorbestellt
9;11.12.2023;23478;199;vorbestellt
9;28.12.2023;23422;113;vorbestellt
9;19.12.2023;23403;201;vorbestellt
9;04.12.2023;23507;278;spontan
9;02.12.2023;23202;142;spontan
9;22.12.2023;23520;189;spontan
9;23.12.2023;23471;114;vorbestellt
9;14.12.2023;23427;253;vorbestellt
9;12.12.2023;23203;169;spontan
9;04.12.2023;23527;273;spontan
9;09.12.2023;23486;133;vorbestellt
9;29.12.2023;23465;133;vorbestellt
9;06.12.2023;23438;201;vorbestellt
9;19.12.2023;23374;199;spontan
9;08.12.2023;23558;275;spontan
9;05.12.2023;23546;274;spontan
9;27.12.2023;23308;112;spontan
9;01.12.2023;23320;255;spontan
9;09.12.2023;23316;199;spontan
9;19.12.2023;23204;246;spontan
9;02.12.2023;23409;253;vorbestellt
9;12.12.2023;23410;108;vorbestellt
9;30.12.2023;23462;109;vorbestellt
9;06.12.2023;23330;114;spontan
9;01.12.2023;23484;161;vorbestellt
9;30.12.2023;23321;114;spontan
9;02.12.2023;23317;200;spontan
9;07.12.2023;23524;190;spontan
9;02.12.2023;23469;224;vorbestellt
9;15.12.2023;23211;262;spontan
9;11.12.2023;23570;270;spontan
9;18.12.2023;23344;199;spontan
9;09.12.2023;23348;255;spontan
9;20.12.2023;23373;110;spontan
9;02.12.2023;23235;194;spontan
9;27.12.2023;23453;106;vorbestellt
9;27.12.2023;23398;151;spontan
9;23.12.2023;23283;227;spontan
9;05.12.2023;23593;131;spontan
9;23.12.2023;23576;189;spontan
9;15.12.2023;23343;114;spontan
9;02.12.2023;23348;133;spontan
9;05.12.2023;23345;256;spontan
9;01.12.2023;23342;111;spontan
9;07.12.2023;23300;199;spontan
9;08.12.2023;23360;254;spontan
9;08.12.2023;23465;161;vorbestellt
9;11.12.2023;23439;255;vorbestellt
9;18.12.2023;23434;253;vorbestellt
9;07.12.2023;23441;200;vorbestellt
9;09.12.2023;23445;150;vorbestellt
9;13.12.2023;23365;113;spontan
9;11.12.2023;23305;128;spontan
9;07.12.2023;23498;252;vorbestellt
9;28.12.2023;23548;132;spontan
9;05.12.2023;23373;254;spontan
9;27.12.2023;23415;105;vorbestellt
9;16.12.2023;23470;106;vorbestellt
9;30.12.2023;23557;261;spontan
9;02.12.2023;23326;150;spontan
9;18.12.2023;23365;105;spontan
9;05.12.2023;23480;109;vorbestellt
9;13.12.2023;23426;111;vorbestellt
9;06.12.2023;23441;161;vorbestellt
9;22.12.2023;23301;254;spontan
9;22.12.2023;23381;255;spontan
9;18.12.2023;23329;254;spontan
9;05.12.2023;23349;161;spontan
9;18.12.2023;23462;259;vorbestellt
9;27.12.2023;23413;111;vorbestellt
9;18.12.2023;23511;271;spontan
9;27.12.2023;23532;258;spontan
9;02.12.2023;23334;252;spontan
9;21.12.2023;23445;151;vorbestellt
9;01.12.2023;23536;277;spontan
9;04.12.2023;23386;254;spontan
9;06.12.2023;23398;256;spontan
9;11.12.2023;23430;107;vorbestellt
9;09.12.2023;23338;200;spontan
9;22.12.2023;23560;270;spontan
9;21.12.2023;23481;253;vorbestellt
9;18.12.2023;23455;150;vorbestellt
9;09.12.2023;23373;113;spontan
9;19.12.2023;23413;200;vorbestellt
9;15.12.2023;23404;161;vorbestellt
9;29.12.2023;23489;111;vorbestellt
9;22.12.2023;23367;255;spontan
9;21.12.2023;23362;255;spontan
9;02.12.2023;23535;132;spontan
9;22.12.2023;23232;169;spontan
9;23.12.2023;23366;105;spontan
9;22.12.2023;23432;109;vorbestellt
9;30.12.2023;23334;252;spontan
9;04.12.2023;23371;133;spontan
9;12.12.2023;23585;187;spontan
9;27.12.2023;23304;161;spontan
9;15.12.2023;23511;189;spontan
9;28.12.2023;23321;256;spontan
9;01.12.2023;23461;259;vorbestellt
9;20.12.2023;23468;133;vorbestellt
9;04.12.2023;23567;258;spontan
9;20.12.2023;23484;253;vorbestellt
9;28.12.2023;23401;256;vorbestellt
9;13.12.2023;23272;169;spontan
9;27.12.2023;23351;150;spontan
9;28.12.2023;23392;255;spontan
9;22.12.2023;23432;111;vorbestellt
9;27.12.2023;23373;253;spontan
9;27.12.2023;23507;189;spontan
9;19.12.2023;23361;111;spontan
9;05.12.2023;23351;111;spontan
9;04.12.2023;23382;255;spontan
9;01.12.2023;23423;106;vorbestellt
9;28.12.2023;23439;199;vorbestellt
9;04.12.2023;23376;201;spontan
9;01.12.2023;23422;110;vorbestellt
9;09.12.2023;23484;106;vorbestellt
9;09.12.2023;23458;201;vorbestellt
9;12.12.2023;23396;105;spontan
9;20.12.2023;23372;110;spontan
9;11.12.2023;23418;150;vorbestellt
9;11.12.2023;23283;227;spontan
9;11.12.2023;23418;254;vorbestellt
9;02.12.2023;23518;276;spontan
9;27.12.2023;23351;112;spontan
9;05.12.2023;23459;133;vorbestellt
9;02.12.2023;23421;106;vorbestellt
9;09.12.2023;23405;114;vorbestellt
9;08.12.2023;23253;141;spontan
9;27.12.2023;23368;105;spontan
9;02.12.2023;23304;253;spontan
9;08.12.2023;23386;111;spontan
9;04.12.2023;23489;199;vorbestellt
9;01.12.2023;23371;259;spontan
9;22.12.2023;23437;199;vorbestellt
9;07.12.2023;23271;169;spontan
9;16.12.2023;23470;254;vorbestellt
9;09.12.2023;23564;275;spontan
9;02.12.2023;23209;248;spontan
9;04.12.2023;23477;259;vorbestellt
9;29.12.2023;23402;200;vorbestellt
9;28.12.2023;23426;105;vorbestellt
9;15.12.2023;23379;255;spontan
9;05.12.2023;23382;110;spontan
9;07.12.2023;23335;133;spontan
9;28.12.2023;23467;110;vorbestellt
9;11.12.2023;23329;128;spontan
9;08.12.2023;23368;106;spontan
9;14.12.2023;23418;133;vorbestellt
9;02.12.2023;23481;133;vorbestellt
9;15.12.2023;23409;200;vorbestellt
9;22.12.2023;23378;255;spontan
9;14.12.2023;23341;111;spontan
9;01.12.2023;23396;106;spontan
9;09.12.2023;23489;199;vorbestellt
9;21.12.2023;23560;261;spontan
9;02.12.2023;23392;253;spontan
9;01.12.2023;23320;150;spontan
9;04.12.2023;23310;253;spontan
9;09.12.2023;23422;255;vorbestellt
9;23.12.2023;23303;199;spontan
9;09.12.2023;23496;108;vorbestellt
9;14.12.2023;23435;105;vorbestellt
9;19.12.2023;23378;107;spontan
9;11.12.2023;23303;254;spontan
9;18.12.2023;23249;119;spontan
9;01.12.2023;23395;114;spontan
9;02.12.2023;23402;111;vorbestellt
9;01.12.2023;23265;143;spontan
9;20.12.2023;23537;270;spontan
9;19.12.2023;23442;110;vorbestellt
9;16.12.2023;23475;106;vorbestellt
9;07.12.2023;23457;133;vorbestellt
9;23.12.2023;23401;108;vorbestellt
9;07.12.2023;23398;161;spontan
9;18.12.2023;23334;200;spontan
9;02.12.2023;23292;248;spontan
9;09.12.2023;23314;253;spontan
9;28.12.2023;23307;224;spontan
9;06.12.2023;23325;256;spontan
9;21.12.2023;23581;130;spontan
9;29.12.2023;23533;272;spontan
9;23.12.2023;23480;109;vorbestellt
9;22.12.2023;23354;110;spontan
9;06.12.2023;23577;181;spontan
9;16.12.2023;23547;189;spontan
9;15.12.2023;23353;106;spontan
9;13.12.2023;23332;106;spontan
9;11.12.2023;23430;201;vorbestellt
9;14.12.2023;23428;201;vorbestellt
9;09.12.2023;23527;277;spontan
9;19.12.2023;23327;105;spontan
9;28.12.2023;23336;150;spontan
9;04.12.2023;23381;151;spontan
9;02.12.2023;23428;199;vorbestellt
9;16.12.2023;23319;253;spontan
9;18.12.2023;23484;150;vorbestellt
9;07.12.2023;23393;106;spontan
9;11.12.2023;23349;108;spontan
9;18.12.2023;23442;106;vorbestellt
9;29.12.2023;23411;133;vorbestellt
9;23.12.2023;23486;161;vorbestellt
9;11.12.2023;23406;112;vorbestellt
9;01.12.2023;23440;151;vorbestellt
9;12.12.2023;23447;255;vorbestellt
9;07.12.2023;23361;112;spontan
9;29.12.2023;23382;133;spontan
9;07.12.2023;23312;224;spontan
9;08.12.2023;23369;224;spontan
9;28.12.2023;23356;254;spontan
9;13.12.2023;23384;259;spontan
9;15.12.2023;23369;110;spontan
9;28.12.2023;23348;112;spontan
9;21.12.2023;23389;255;spontan
9;05.12.2023;23386;200;spontan
9;11.12.2023;23276;170;spontan
9;07.12.2023;23502;271;spontan
9;20.12.2023;23311;259;spontan
9;19.12.2023;23485;107;vorbestellt
9;01.12.2023;23409;110;vorbestellt
9;12.12.2023;23342;254;spontan
9;08.12.2023;23459;110;vorbestellt
9;14.12.2023;23347;109;spontan
9;02.12.2023;23498;256;vorbestellt
9;07.12.2023;23426;254;vorbestellt
9;28.12.2023;23498;109;vorbestellt
9;15.12.2023;23358;161;spontan
9;22.12.2023;23484;259;vorbestellt
9;18.12.2023;23307;255;spontan
9;19.12.2023;23379;252;spontan
9;16.12.2023;23375;201;spontan
9;20.12.2023;23466;114;vorbestellt
9;01.12.2023;23384;256;spontan
9;13.12.2023;23584;276;spontan
9;27.12.2023;23376;254;spontan
9;06.12.2023;23447;113;vorbestellt
9;08.12.2023;23449;110;vorbestellt
9;23.12.2023;23481;113;vorbestellt
9;12.12.2023;23407;108;vorbestellt
9;23.12.2023;23393;108;spontan
9;20.12.2023;23541;278;spontan
9;12.12.2023;23366;108;spontan
9;21.12.2023;23436;161;vorbestellt
9;01.12.2023;23274;143;spontan
9;19.12.2023;23495;108;vorbestellt
9;05.12.2023;23323;253;spontan
9;05.12.2023;23301;133;spontan
9;09.12.2023;23419;254;vorbestellt
9;11.12.2023;23491;105;vorbestellt
9;06.12.2023;23464;254;vorbestellt
9;14.12.2023;23361;115;spontan
9;06.12.2023;23466;254;vorbestellt
9;01.12.2023;23502;181;spontan
9;05.12.2023;23387;200;spontan
9;08.12.2023;23445;200;vorbestellt
9;08.12.2023;23308;161;spontan
9;18.12.2023;23449;255;vorbestellt
9;15.12.2023;23321;201;spontan
9;18.12.2023;23201;144;spontan
9;30.12.2023;23448;112;vorbestellt
9;02.12.2023;23547;132;spontan
9;15.12.2023;23380;150;spontan
9;12.12.2023;23348;128;spontan
9;30.12.2023;23347;150;spontan
9;04.12.2023;23557;278;spontan
9;08.12.2023;23309;253;spontan
9;29.12.2023;23527;247;spontan
9;23.12.2023;23573;181;spontan
9;18.12.2023;23436;199;vorbestellt
9;12.12.2023;23336;151;spontan
9;13.12.2023;23346;224;spontan
9;04.12.2023;23351;256;spontan
9;29.12.2023;23483;110;vorbestellt
9;16.12.2023;23321;199;spontan
9;15.12.2023;23337;224;spontan
9;12.12.2023;23316;106;spontan
9;22.12.2023;23397;112;spontan
9;30.12.2023;23310;109;spontan
9;20.12.2023;23300;253;spontan
9;13.12.2023;23458;113;vorbestellt
9;09.12.2023;23418;105;vorbestellt
9;23.12.2023;23379;224;spontan
9;21.12.2023;23356;254;spontan
9;21.12.2023;23478;114;vorbestellt
9;30.12.2023;23485;255;vorbestellt
9;23.12.2023;23487;114;vorbestellt
9;14.12.2023;23395;224;spontan
9;02.12.2023;23532;188;spontan
9;21.12.2023;23279;248;spontan
9;20.12.2023;23326;151;spontan
9;02.12.2023;23330;253;spontan
9;30.12.2023;23386;255;spontan
9;22.12.2023;23479;200;vorbestellt
9;20.12.2023;23473;199;vorbestellt
9;15.12.2023;23242;185;spontan
9;09.12.2023;23562;258;spontan
9;28.12.2023;23407;111;vorbestellt
9;04.12.2023;23334;199;spontan
9;09.12.2023;23233;262;spontan
9;19.12.2023;23391;133;spontan
9;04.12.2023;23283;119;spontan
9;19.12.2023;23300;259;spontan
9;22.12.2023;23376;254;spontan
9;23.12.2023;23561;261;spontan
9;28.12.2023;23570;247;spontan
9;05.12.2023;23596;275;spontan
9;18.12.2023;23264;220;spontan
9;13.12.2023;23468;151;vorbestellt
9;01.12.2023;23327;200;spontan
9;29.12.2023;23527;181;spontan
9;12.12.2023;23458;105;vorbestellt
9;12.12.2023;23368;255;spontan
9;28.12.2023;23359;112;spontan
9;09.12.2023;23432;112;vorbestellt
9;06.12.2023;23444;259;vorbestellt
9;09.12.2023;23420;256;vorbestellt
9;29.12.2023;23266;145;spontan
9;04.12.2023;23335;115;spontan
9;27.12.2023;23474;109;vorbestellt
9;05.12.2023;23446;110;vorbestellt
9;12.12.2023;23491;200;vorbestellt
9;05.12.2023;23488;151;vorbestellt
9;19.12.2023;23422;200;vorbestellt
9;15.12.2023;23473;106;vorbestellt
9;14.12.2023;23277;142;spontan
9;28.12.2023;23431;112;vorbestellt
9;22.12.2023;23333;128;spontan
9;12.12.2023;23485;255;vorbestellt
9;06.12.2023;23308;256;spontan
9;19.12.2023;23434;150;vorbestellt
9;23.12.2023;23371;161;spontan
9;14.12.2023;23376;255;spontan
9;15.12.2023;23466;254;vorbestellt
9;11.12.2023;23450;150;vorbestellt
9;05.12.2023;23472;110;vorbestellt
9;21.12.2023;23498;256;vorbestellt
9;07.12.2023;23277;144;spontan
9;29.12.2023;23364;199;spontan
9;20.12.2023;23390;253;spontan
9;28.12.2023;23408;199;vorbestellt
9;05.12.2023;23462;201;vorbestellt
9;22.12.2023;23346;252;spontan
9;05.12.2023;23350;107;spontan
9;30.12.2023;23423;150;vorbestellt
9;22.12.2023;23489;201;vorbestellt
9;12.12.2023;23398;115;spontan
9;18.12.2023;23400;133;vorbestellt
9;22.12.2023;23268;141;spontan
9;21.12.2023;23420;256;vorbestellt
9;20.12.2023;23405;114;vorbestellt
9;05.12.2023;23455;161;vorbestellt
9;09.12.2023;23525;277;spontan
9;09.12.2023;23362;254;spontan
9;20.12.2023;23482;115;vorbestellt
9;05.12.2023;23251;170;spontan
9;09.12.2023;23583;278;spontan
9;29.12.2023;23418;107;vorbestellt
9;27.12.2023;23431;161;vorbestellt
9;28.12.2023;23395;107;spontan
9;29.12.2023;23291;220;spontan
9;19.12.2023;23336;113;spontan
9;20.12.2023;23285;227;spontan
9;04.12.2023;23315;199;spontan
9;01.12.2023;23305;201;spontan
9;18.12.2023;23460;109;vorbestellt
9;08.12.2023;23359;254;spontan
9;09.12.2023;23407;255;vorbestellt
9;16.12.2023;23537;272;spontan
9;20.12.2023;23279;169;spontan
9;19.12.2023;23302;201;spontan
9;15.12.2023;23390;201;spontan
9;15.12.2023;23409;199;vorbestellt
9;27.12.2023;23477;110;vorbestellt
9;08.12.2023;23445;110;vorbestellt
9;16.12.2023;23452;253;vorbestellt
9;30.12.2023;23399;115;spontan
9;21.12.2023;23283;227;spontan
9;27.12.2023;23553;276;spontan
9;21.12.2023;23300;114;spontan
9;27.12.2023;23296;171;spontan
9;04.12.2023;23322;133;spontan
9;11.12.2023;23372;106;spontan
9;04.12.2023;23314;255;spontan
9;08.12.2023;23443;254;vorbestellt
9;08.12.2023;23364;110;spontan
9;30.12.2023;23483;106;vorbestellt
9;08.12.2023;23492;255;vorbestellt
9;06.12.2023;23393;161;spontan
9;28.12.2023;23375;224;spontan
9;09.12.2023;23347;113;spontan
9;18.12.2023;23404;108;vorbestellt
9;22.12.2023;23456;253;vorbestellt
9;02.12.2023;23365;128;spontan
9;30.12.2023;23361;201;spontan
9;29.12.2023;23340;109;spontan
9;01.12.2023;23351;201;spontan
9;05.12.2023;23340;133;spontan
9;05.12.2023;23403;110;vorbestellt
9;01.12.2023;23358;110;spontan
9;04.12.2023;23453;224;vorbestellt
9;02.12.2023;23351;115;spontan
9;30.12.2023;23484;254;vorbestellt
9;27.12.2023;23441;107;vorbestellt
9;01.12.2023;23246;227;spontan
9;30.12.2023;23346;108;spontan
9;06.12.2023;23397;112;spontan
9;14.12.2023;23337;224;spontan
9;02.12.2023;23571;131;spontan
9;16.12.2023;23216;170;spontan
9;12.12.2023;23570;186;spontan
9;08.12.2023;23518;190;spontan
9;07.12.2023;23479;259;vorbestellt
9;21.12.2023;23448;150;vorbestellt
9;28.12.2023;23412;110;vorbestellt
9;14.12.2023;23426;113;vorbestellt
9;23.12.2023;23476;254;vorbestellt
9;01.12.2023;23375;201;spontan
9;27.12.2023;23365;224;spontan
9;22.12.2023;23521;274;spontan
9;23.12.2023;23376;107;spontan
9;02.12.2023;23524;251;spontan
9;02.12.2023;23354;106;spontan
9;20.12.2023;23335;114;spontan
9;18.12.2023;23454;256;vorbestellt
9;07.12.2023;23270;142;spontan
9;08.12.2023;23238;171;spontan
9;05.12.2023;23320;254;spontan
9;07.12.2023;23290;220;spontan
9;27.12.2023;23480;128;vorbestellt
9;21.12.2023;23357;105;spontan
9;30.12.2023;23200;170;spontan
9;02.12.2023;23221;194;spontan
9;04.12.2023;23468;128;vorbestellt
9;22.12.2023;23385;252;spontan
9;14.12.2023;23416;150;vorbestellt
9;07.12.2023;23594;275;spontan
9;06.12.2023;23344;108;spontan
9;06.12.2023;23578;272;spontan
9;19.12.2023;23382;201;spontan
9;02.12.2023;23314;199;spontan
9;30.12.2023;23262;169;spontan
9;23.12.2023;23325;110;spontan
9;01.12.2023;23330;150;spontan
9;21.12.2023;23492;111;vorbestellt
9;13.12.2023;23471;255;vorbestellt
9;30.12.2023;23599;271;spontan
9;01.12.2023;23265;170;spontan
9;19.12.2023;23398;200;spontan
9;08.12.2023;23367;253;spontan
9;01.12.2023;23304;259;spontan
9;12.12.2023;23311;256;spontan
9;30.12.2023;23309;105;spontan
9;08.12.2023;23340;106;spontan
9;23.12.2023;23327;151;spontan
9;27.12.2023;23362;199;spontan
9;05.12.2023;23361;252;spontan
9;23.12.2023;23426;253;vorbestellt
9;08.12.2023;23390;253;spontan
9;12.12.2023;23432;151;vorbestellt
9;13.12.2023;23596;226;spontan
9;14.12.2023;23356;254;spontan
9;22.12.2023;23296;141;spontan
9;01.12.2023;23407;252;vorbestellt
9;07.12.2023;23216;145;spontan
9;15.12.2023;23306;107;spontan
9;21.12.2023;23480;109;vorbestellt
9;02.12.2023;23491;255;vorbestellt
9;23.12.2023;23329;133;spontan
9;08.12.2023;23447;151;vorbestellt
9;04.12.2023;23462;161;vorbestellt
9;22.12.2023;23360;114;spontan
9;19.12.2023;23403;252;vorbestellt
9;20.12.2023;23397;108;spontan
9;27.12.2023;23493;256;vorbestellt
9;21.12.2023;23410;107;vorbestellt
9;02.12.2023;23210;169;spontan
9;30.12.2023;23568;129;spontan
9;12.12.2023;23408;150;vorbestellt
9;14.12.2023;23408;200;vorbestellt
9;16.12.2023;23485;151;vorbestellt
9;23.12.2023;23418;113;vorbestellt
9;07.12.2023;23274;194;spontan
9;29.12.2023;23439;151;vorbestellt
9;13.12.2023;23365;199;spontan
9;06.12.2023;23598;257;spontan
9;11.12.2023;23442;253;vorbestellt
9;27.12.2023;23461;114;vorbestellt
9;07.12.2023;23350;105;spontan
9;19.12.2023;23309;112;spontan
9;22.12.2023;23393;133;spontan
9;14.12.2023;23550;270;spontan
9;11.12.2023;23445;133;vorbestellt
9;23.12.2023;23542;188;spontan
9;01.12.2023;23395;201;spontan
9;27.12.2023;23554;188;spontan
9;09.12.2023;23213;170;spontan
9;04.12.2023;23438;107;vorbestellt
9;19.12.2023;23445;161;vorbestellt
9;13.12.2023;23440;199;vorbestellt
9;16.12.2023;23326;224;spontan
9;30.12.2023;23329;112;spontan
9;20.12.2023;23525;186;spontan
9;18.12.2023;23348;253;spontan
9;19.12.2023;23212;169;spontan
9;15.12.2023;23396;259;spontan
9;07.12.2023;23449;252;vorbestellt
9;04.12.2023;23334;200;spontan
9;30.12.2023;23409;200;vorbestellt
9;01.12.2023;23313;108;spontan
9;27.12.2023;23415;151;vorbestellt
9;18.12.2023;23328;255;spontan
9;08.12.2023;23311;224;spontan
9;12.12.2023;23300;108;spontan
9;07.12.2023;23452;115;vorbestellt
9;02.12.2023;23379;253;spontan
9;28.12.2023;23321;112;spontan
9;18.12.2023;23573;189;spontan
9;11.12.2023;23372;108;spontan
9;14.12.2023;23506;272;spontan
9;16.12.2023;23598;273;spontan
9;12.12.2023;23393;200;spontan
9;14.12.2023;23321;113;spontan
9;05.12.2023;23348;112;spontan
9;21.12.2023;23412;150;vorbestellt
9;16.12.2023;23414;133;vorbestellt
9;06.12.2023;23428;150;vorbestellt
9;06.12.2023;23316;200;spontan
9;04.12.2023;23387;200;spontan
9;18.12.2023;23340;109;spontan
9;06.12.2023;23354;256;spontan
9;09.12.2023;23440;255;vorbestellt
9;06.12.2023;23359;151;spontan
9;02.12.2023;23366;161;spontan
9;19.12.2023;23442;254;vorbestellt
9;29.12.2023;23419;113;vorbestellt
9;21.12.2023;23417;259;vorbestellt
9;06.12.2023;23434;108;vorbestellt
9;21.12.2023;23269;185;spontan
9;30.12.2023;23476;105;vorbestellt
9;08.12.2023;23463;105;vorbestellt
9;12.12.2023;23481;105;vorbestellt
9;06.12.2023;23494;128;vorbestellt
9;05.12.2023;23301;254;spontan
9;16.12.2023;23352;128;spontan
9;21.12.2023;23491;150;vorbestellt
9;22.12.2023;23411;110;vorbestellt
9;18.12.2023;23406;161;vorbestellt
9;05.12.2023;23450;106;vorbestellt
9;08.12.2023;23440;110;vorbestellt
9;20.12.2023;23593;129;spontan
9;14.12.2023;23473;106;vorbestellt
9;28.12.2023;23379;112;spontan
9;28.12.2023;23553;189;spontan
9;06.12.2023;23450;107;vorbestellt
9;04.12.2023;23403;151;vorbestellt
9;09.12.2023;23571;226;spontan
9;15.12.2023;23347;128;spontan
9;04.12.2023;23472;200;vorbestellt
9;27.12.2023;23569;271;spontan
9;09.12.2023;23214;248;spontan
9;21.12.2023;23387;107;spontan
9;06.12.2023;23482;133;vorbestellt
9;13.12.2023;23564;257;spontan
9;15.12.1023 00:00:00;23203;145;spontan
9;07.12.2023;23531;274;spontan
9;21.12.2023;23487;253;vorbestellt
